MapX,MapY,DataMapX,DataMapY,OutsiderRing,Bin,AxisPosX,AxisPosY,PosX,PosY,Similar,SizeX,sizeY
-4,-1,-4,-1,1,0,78.4866177399151,212.351118080139,0,0,1,3.865,3.46
-5,-1,-5,-1,1,0,82.3516184647076,212.351118080139,0,0,1,3.865,3.46
-6,-1,-6,-1,1,0,86.2166182358257,212.351118080139,0,0,1,3.865,3.46
-7,-1,-7,-1,1,0,90.0816180069439,212.351118080139,0,0,1,3.865,3.46
-8,-1,-8,-1,1,0,93.946617778062,212.351118080139,0,0,1,3.865,3.46
-9,-1,-9,-1,1,0,97.8116175491802,212.351118080139,0,0,1,3.865,3.46
-10,-1,-10,-1,1,0,101.676619227647,212.351118080139,0,0,1,3.865,3.46
-11,-1,-11,-1,1,0,105.541617091417,212.351118080139,0,0,1,3.865,3.46
-15,0,-15,0,1,0,120.998848175929,208.891118041992,0,0,1,3.865,3.46
-14,0,-14,0,1,0,117.133850312159,208.891118041992,0,0,1,3.865,3.46
-13,0,-13,0,1,0,113.268848633692,208.891118041992,0,0,1,3.865,3.46
-12,0,-12,0,1,0,109.403850769923,208.891118041992,0,0,1,3.865,3.46
-11,0,-11,0,2,0,105.538849091456,208.891118041992,0,0,1,3.865,3.46
-10,0,-10,0,2,0,101.673851227686,208.891118041992,0,0,1,3.865,3.46
-9,0,-9,0,2,0,97.8088495492196,208.891118041992,0,0,1,3.865,3.46
-8,0,-8,0,2,0,93.9438497781015,208.891118041992,0,0,1,3.865,3.46
-7,0,-7,0,2,0,90.0788500069833,208.891118041992,0,0,1,3.865,3.46
-6,0,-6,0,2,0,86.2138502358651,208.891118041992,0,0,1,3.865,3.46
-5,0,-5,0,2,0,82.348850464747,208.891118041992,0,0,1,3.865,3.46
-4,0,-4,0,2,0,78.4838497399545,208.891118041992,0,0,1,3.865,3.46
-3,0,-3,0,1,0,74.6188499688363,208.891118041992,0,0,1,3.865,3.46
-2,0,-2,0,1,0,70.753849720881,208.891118041992,0,0,1,3.865,3.46
-1,0,-1,0,1,0,66.8888497113442,208.891118041992,0,0,1,3.865,3.46
0,0,0,0,1,0,63.0238497018075,208.891118041992,0,0,1,3.865,3.46
3,1,3,1,1,0,51.4260814348181,205.431118003845,0,0,1,3.865,3.46
2,1,2,1,1,0,55.2910816827734,205.431118003845,0,0,1,3.865,3.46
1,1,1,1,1,0,59.1560816923102,205.431118003845,0,0,1,3.865,3.46
0,1,0,1,2,0,63.0210817018469,205.431118003845,0,0,1,3.865,3.46
-1,1,-1,1,2,0,66.8860817113837,205.431118003845,0,0,1,3.865,3.46
-2,1,-2,1,2,0,70.7510817209204,205.431118003845,0,0,1,3.865,3.46
-3,1,-3,1,2,0,74.6160819688757,205.431118003845,0,0,1,3.865,3.46
-4,1,-4,1,3,0,78.4810817399939,205.431118003845,0,0,1,3.865,3.46
-5,1,-5,1,3,0,82.3460824647864,205.431118003845,0,0,1,3.865,3.46
-6,1,-6,1,3,0,86.2110822359045,205.431118003845,0,0,1,3.865,3.46
-7,1,-7,1,3,0,90.0760820070227,205.431118003845,0,0,1,3.865,3.46
-8,1,-8,1,3,0,93.9410817781409,205.431118003845,0,0,1,3.865,3.46
-9,1,-9,1,3,0,97.806081549259,205.431118003845,0,0,1,3.865,3.46
-10,1,-10,1,3,0,101.671083227726,205.431118003845,0,0,1,3.865,3.46
-11,1,-11,1,3,0,105.536081091495,205.431118003845,0,0,1,3.865,3.46
-12,1,-12,1,2,0,109.401082769962,205.431118003845,0,0,1,3.865,3.46
-13,1,-13,1,2,0,113.266080633732,205.431118003845,0,0,1,3.865,3.46
-14,1,-14,1,2,0,117.131082312198,205.431118003845,0,0,1,3.865,3.46
-15,1,-15,1,2,0,120.996080175968,205.431118003845,0,0,1,3.865,3.46
-16,1,-16,1,1,0,124.861081854435,205.431118003845,0,0,1,3.865,3.46
-17,1,-17,1,1,0,128.726083532902,205.431118003845,0,0,1,3.865,3.46
-18,1,-18,1,1,0,132.591081396671,205.431118003845,0,0,1,3.865,3.46
-19,2,-19,2,1,0,136.45331126048,201.971117965698,0,0,1,3.865,3.46
-18,2,-18,2,2,0,132.588313396711,201.971117965698,0,0,1,3.865,3.46
-17,2,-17,2,2,0,128.723315532941,201.971117965698,0,0,1,3.865,3.46
-16,2,-16,2,2,0,124.858313854474,201.971117965698,0,0,1,3.865,3.46
-15,2,-15,2,3,0,120.993312176007,201.971117965698,0,0,1,3.865,3.46
-14,2,-14,2,3,0,117.128314312238,201.971117965698,0,0,1,3.865,3.46
-13,2,-13,2,3,0,113.263312633771,201.971117965698,0,0,1,3.865,3.46
-12,2,-12,2,3,0,109.398314770002,201.971117965698,0,0,1,3.865,3.46
-11,2,-11,2,4,0,105.533313091535,201.971117965698,0,0,1,3.865,3.46
-10,2,-10,2,4,0,101.668315227765,201.971117965698,0,0,1,3.865,3.46
-9,2,-9,2,4,0,97.8033135492984,201.971117965698,0,0,1,3.865,3.46
-8,2,-8,2,4,0,93.9383137781803,201.971117965698,0,0,1,3.865,3.46
-7,2,-7,2,4,0,90.0733140070621,201.971117965698,0,0,1,3.865,3.46
-6,2,-6,2,4,0,86.2083142359439,201.971117965698,0,0,1,3.865,3.46
-5,2,-5,2,4,0,82.3433144648258,201.971117965698,0,0,1,3.865,3.46
-4,2,-4,2,4,0,78.4783137400333,201.971117965698,0,0,1,3.865,3.46
-3,2,-3,2,3,0,74.6133139689151,201.971117965698,0,0,1,3.865,3.46
-2,2,-2,2,3,0,70.7483137209598,201.971117965698,0,0,1,3.865,3.46
-1,2,-1,2,3,0,66.8833137114231,201.971117965698,0,0,1,3.865,3.46
0,2,0,2,3,0,63.0183137018863,201.971117965698,0,0,1,3.865,3.46
1,2,1,2,2,0,59.1533136923496,201.971117965698,0,0,1,3.865,3.46
2,2,2,2,2,0,55.2883136828128,201.971117965698,0,0,1,3.865,3.46
3,2,3,2,2,0,51.4233134348575,201.971117965698,0,0,1,3.865,3.46
4,2,4,2,1,0,47.5583136637393,201.971117965698,0,0,1,3.865,3.46
5,3,5,3,1,0,43.6905449389863,198.511117927551,0,0,1,3.865,3.46
4,3,4,3,2,0,47.5555456637788,198.511117927551,0,0,1,3.865,3.46
3,3,3,3,3,0,51.4205454348969,198.511117927551,0,0,1,3.865,3.46
2,3,2,3,3,0,55.2855456828522,198.511117927551,0,0,1,3.865,3.46
1,3,1,3,3,0,59.150545692389,198.511117927551,0,0,1,3.865,3.46
0,3,0,3,4,0,63.0155457019257,198.511117927551,0,0,1,3.865,3.46
-1,3,-1,3,4,0,66.8805457114625,198.511117927551,0,0,1,3.865,3.46
-2,3,-2,3,4,0,70.7455457209992,198.511117927551,0,0,1,3.865,3.46
-3,3,-3,3,4,0,74.6105459689545,198.511117927551,0,0,1,3.865,3.46
-4,3,-4,3,5,0,78.4755457400727,198.511117927551,0,0,1,3.865,3.46
-5,3,-5,3,5,0,82.3405464648652,198.511117927551,0,0,1,3.865,3.46
-6,3,-6,3,5,0,86.2055462359833,198.511117927551,0,0,1,3.865,3.46
-7,3,-7,3,5,0,90.0705460071015,198.511117927551,0,0,1,3.865,3.46
-8,3,-8,3,5,0,93.9355457782197,198.511117927551,0,0,1,3.865,3.46
-9,3,-9,3,5,0,97.8005455493378,198.511117927551,0,0,1,3.865,3.46
-10,3,-10,3,5,0,101.665547227805,198.511117927551,0,0,1,3.865,3.46
-11,3,-11,3,5,0,105.530545091574,198.511117927551,0,0,1,3.865,3.46
-12,3,-12,3,4,0,109.395546770041,198.511117927551,0,0,1,3.865,3.46
-13,3,-13,3,4,0,113.26054463381,198.511117927551,0,0,1,3.865,3.46
-14,3,-14,3,4,0,117.125546312277,198.511117927551,0,0,1,3.865,3.46
-15,3,-15,3,4,0,120.990544176047,198.511117927551,0,0,1,3.865,3.46
-16,3,-16,3,3,0,124.855545854514,198.511117927551,0,0,1,3.865,3.46
-17,3,-17,3,3,0,128.72054753298,198.511117927551,0,0,1,3.865,3.46
-18,3,-18,3,3,0,132.58554539675,198.511117927551,0,0,1,3.865,3.46
-19,3,-19,3,2,0,136.450543260519,198.511117927551,0,0,1,3.865,3.46
-20,3,-20,3,1,0,140.315548753684,198.511117927551,0,0,1,3.865,3.46
-21,3,-21,3,1,0,144.180546617453,198.511117927551,0,0,1,3.865,3.46
-22,4,-22,4,1,0,148.042776481262,195.051117889404,0,0,1,3.865,3.46
-21,4,-21,4,2,0,144.177778617492,195.051117889404,0,0,1,3.865,3.46
-20,4,-20,4,2,0,140.312780753723,195.051117889404,0,0,1,3.865,3.46
-19,4,-19,4,3,0,136.447775260559,195.051117889404,0,0,1,3.865,3.46
-18,4,-18,4,4,0,132.582777396789,195.051117889404,0,0,1,3.865,3.46
-17,4,-17,4,4,0,128.71777953302,195.051117889404,0,0,1,3.865,3.46
-16,4,-16,4,4,0,124.852777854553,195.051117889404,0,0,1,3.865,3.46
-15,4,-15,4,5,0,120.987776176086,195.051117889404,0,0,1,3.865,3.46
-14,4,-14,4,5,0,117.122778312317,195.051117889404,0,0,1,3.865,3.46
-13,4,-13,4,5,0,113.25777663385,195.051117889404,0,0,1,3.865,3.46
-12,4,-12,4,5,0,109.39277877008,195.051117889404,0,0,1,3.865,3.46
-11,4,-11,4,6,0,105.527777091614,195.051117889404,0,0,1,3.865,3.46
-10,4,-10,4,6,0,101.662779227844,195.051117889404,0,0,1,3.865,3.46
-9,4,-9,4,6,0,97.7977775493772,195.051117889404,0,0,1,3.865,3.46
-8,4,-8,4,6,0,93.9327777782591,195.051117889404,0,0,1,3.865,3.46
-7,4,-7,4,6,0,90.0677780071409,195.051117889404,0,0,1,3.865,3.46
-6,4,-6,4,6,0,86.2027782360228,195.051117889404,0,0,1,3.865,3.46
-5,4,-5,4,6,0,82.3377784649046,195.051117889404,0,0,1,3.865,3.46
-4,4,-4,4,6,0,78.4727777401121,195.051117889404,0,0,1,3.865,3.46
-3,4,-3,4,5,0,74.6077779689939,195.051117889404,0,0,1,3.865,3.46
-2,4,-2,4,5,0,70.7427777210386,195.051117889404,0,0,1,3.865,3.46
-1,4,-1,4,5,0,66.8777777115019,195.051117889404,0,0,1,3.865,3.46
0,4,0,4,5,0,63.0127777019651,195.051117889404,0,0,1,3.865,3.46
1,4,1,4,4,0,59.1477776924284,195.051117889404,0,0,1,3.865,3.46
2,4,2,4,4,0,55.2827776828916,195.051117889404,0,0,1,3.865,3.46
3,4,3,4,4,0,51.4177774349363,195.051117889404,0,0,1,3.865,3.46
4,4,4,4,3,0,47.5527776638182,195.051117889404,0,0,1,3.865,3.46
5,4,5,4,2,0,43.6877769390257,195.051117889404,0,0,1,3.865,3.46
6,4,6,4,1,0,39.8227771679075,195.051117889404,0,0,1,3.865,3.46
7,4,7,4,1,0,35.9577773967894,195.051117889404,0,0,1,3.865,3.46
8,5,8,5,1,0,32.0900096264735,191.591118804932,0,0,1,3.865,3.46
7,5,7,5,2,0,35.9550093975917,191.591118804932,0,0,1,3.865,3.46
6,5,6,5,2,0,39.8200091687099,191.591118804932,0,0,1,3.865,3.46
5,5,5,5,3,0,43.685008939828,191.591118804932,0,0,1,3.865,3.46
4,5,4,5,4,0,47.5500096646205,191.591118804932,0,0,1,3.865,3.46
3,5,3,5,5,0,51.4150094357387,191.591118804932,0,0,1,3.865,3.46
2,5,2,5,5,0,55.280009683694,191.591118804932,0,0,1,3.865,3.46
1,5,1,5,5,0,59.1450096932307,191.591118804932,0,0,1,3.865,3.46
0,5,0,5,6,0,63.0100097027675,191.591118804932,0,0,1,3.865,3.46
-1,5,-1,5,6,0,66.8750097123042,191.591118804932,0,0,1,3.865,3.46
-2,5,-2,5,6,0,70.740009721841,191.591118804932,0,0,1,3.865,3.46
-3,5,-3,5,6,0,74.6050099697963,191.591118804932,0,0,1,3.865,3.46
-4,5,-4,5,7,0,78.4700097409145,191.591118804932,0,0,1,3.865,3.46
-5,5,-5,5,7,0,82.3350104657069,191.591118804932,0,0,1,3.865,3.46
-6,5,-6,5,7,0,86.2000102368251,191.591118804932,0,0,1,3.865,3.46
-7,5,-7,5,7,0,90.0650100079433,191.591118804932,0,0,1,3.865,3.46
-8,5,-8,5,7,0,93.9300097790614,191.591118804932,0,0,1,3.865,3.46
-9,5,-9,5,7,0,97.7950095501796,191.591118804932,0,0,1,3.865,3.46
-10,5,-10,5,7,0,101.660011228646,191.591118804932,0,0,1,3.865,3.46
-11,5,-11,5,7,0,105.525009092416,191.591118804932,0,0,1,3.865,3.46
-12,5,-12,5,6,0,109.390010770883,191.591118804932,0,0,1,3.865,3.46
-13,5,-13,5,6,0,113.255008634652,191.591118804932,0,0,1,3.865,3.46
-14,5,-14,5,6,0,117.120010313119,191.591118804932,0,0,1,3.865,3.46
-15,5,-15,5,6,0,120.985008176889,191.591118804932,0,0,1,3.865,3.46
-16,5,-16,5,5,0,124.850009855355,191.591118804932,0,0,1,3.865,3.46
-17,5,-17,5,5,0,128.715011533822,191.591118804932,0,0,1,3.865,3.46
-18,5,-18,5,5,0,132.580009397592,191.591118804932,0,0,1,3.865,3.46
-19,5,-19,5,4,0,136.445007261361,191.591118804932,0,0,1,3.865,3.46
-20,5,-20,5,3,0,140.310012754525,191.591118804932,0,0,1,3.865,3.46
-21,5,-21,5,3,0,144.175010618295,191.591118804932,0,0,1,3.865,3.46
-22,5,-22,5,2,0,148.040008482064,191.591118804932,0,0,1,3.865,3.46
-23,5,-23,5,1,0,151.905006345834,191.591118804932,0,0,1,3.865,3.46
-24,6,-24,6,1,0,155.767243838274,188.13111781311,0,0,1,3.865,3.46
-23,6,-23,6,2,0,151.90223834511,188.13111781311,0,0,1,3.865,3.46
-22,6,-22,6,3,0,148.037240481341,188.13111781311,0,0,1,3.865,3.46
-21,6,-21,6,4,0,144.172242617571,188.13111781311,0,0,1,3.865,3.46
-20,6,-20,6,4,0,140.307244753802,188.13111781311,0,0,1,3.865,3.46
-19,6,-19,6,5,0,136.442239260638,188.13111781311,0,0,1,3.865,3.46
-18,6,-18,6,6,0,132.577241396868,188.13111781311,0,0,1,3.865,3.46
-17,6,-17,6,6,0,128.712243533099,188.13111781311,0,0,1,3.865,3.46
-16,6,-16,6,6,0,124.847241854632,188.13111781311,0,0,1,3.865,3.46
-15,6,-15,6,7,0,120.982240176165,188.13111781311,0,0,1,3.865,3.46
-14,6,-14,6,7,0,117.117242312396,188.13111781311,0,0,1,3.865,3.46
-13,6,-13,6,7,0,113.252240633929,188.13111781311,0,0,1,3.865,3.46
-12,6,-12,6,7,0,109.387242770159,188.13111781311,0,0,1,3.865,3.46
-11,6,-11,6,8,0,105.522241091692,188.13111781311,0,0,1,3.865,3.46
-10,6,-10,6,8,0,101.657243227923,188.13111781311,0,0,1,3.865,3.46
-9,6,-9,6,8,0,97.7922415494561,188.13111781311,0,0,1,3.865,3.46
-8,6,-8,6,8,0,93.9272417783379,188.13111781311,0,0,1,3.865,3.46
-7,6,-7,6,8,0,90.0622420072197,188.13111781311,0,0,1,3.865,3.46
-6,6,-6,6,8,0,86.1972422361016,188.13111781311,0,0,1,3.865,3.46
-5,6,-5,6,8,0,82.3322424649834,188.13111781311,0,0,1,3.865,3.46
-4,6,-4,6,8,0,78.4672417401909,188.13111781311,0,0,1,3.865,3.46
-3,6,-3,6,7,0,74.6022419690728,188.13111781311,0,0,1,3.865,3.46
-2,6,-2,6,7,0,70.7372417211174,188.13111781311,0,0,1,3.865,3.46
-1,6,-1,6,7,0,66.8722417115807,188.13111781311,0,0,1,3.865,3.46
0,6,0,6,7,0,63.0072417020439,188.13111781311,0,0,1,3.865,3.46
1,6,1,6,6,0,59.1422416925072,188.13111781311,0,0,1,3.865,3.46
2,6,2,6,6,0,55.2772416829705,188.13111781311,0,0,1,3.865,3.46
3,6,3,6,6,0,51.4122414350151,188.13111781311,0,0,1,3.865,3.46
4,6,4,6,5,0,47.547241663897,188.13111781311,0,0,1,3.865,3.46
5,6,5,6,4,0,43.6822409391045,188.13111781311,0,0,1,3.865,3.46
6,6,6,6,3,0,39.8172411679863,188.13111781311,0,0,1,3.865,3.46
7,6,7,6,3,0,35.9522413968682,188.13111781311,0,0,1,3.865,3.46
8,6,8,6,2,0,32.08724162575,188.13111781311,0,0,1,3.865,3.46
9,6,9,6,1,0,28.2222418546318,188.13111781311,0,0,1,3.865,3.46
10,7,10,7,1,0,24.3544721769674,184.671118728638,0,0,1,3.865,3.46
9,7,9,7,2,0,28.2194738554342,184.671118728638,0,0,1,3.865,3.46
8,7,8,7,3,0,32.0844736265524,184.671118728638,0,0,1,3.865,3.46
7,7,7,7,4,0,35.9494733976705,184.671118728638,0,0,1,3.865,3.46
6,7,6,7,4,0,39.8144731687887,184.671118728638,0,0,1,3.865,3.46
5,7,5,7,5,0,43.6794729399068,184.671118728638,0,0,1,3.865,3.46
4,7,4,7,6,0,47.5444736646993,184.671118728638,0,0,1,3.865,3.46
3,7,3,7,7,0,51.4094734358175,184.671118728638,0,0,1,3.865,3.46
2,7,2,7,7,0,55.2744736837728,184.671118728638,0,0,1,3.865,3.46
1,7,1,7,7,0,59.1394736933096,184.671118728638,0,0,1,3.865,3.46
0,7,0,7,8,0,63.0044737028463,184.671118728638,0,0,1,3.865,3.46
-1,7,-1,7,8,0,66.869473712383,184.671118728638,0,0,1,3.865,3.46
-2,7,-2,7,8,0,70.7344737219198,184.671118728638,0,0,1,3.865,3.46
-3,7,-3,7,8,0,74.5994739698751,184.671118728638,0,0,1,3.865,3.46
-4,7,-4,7,9,0,78.4644737409933,184.671118728638,0,0,1,3.865,3.46
-5,7,-5,7,9,0,82.3294744657858,184.671118728638,0,0,1,3.865,3.46
-6,7,-6,7,9,0,86.1944742369039,184.671118728638,0,0,1,3.865,3.46
-7,7,-7,7,9,0,90.0594740080221,184.671118728638,0,0,1,3.865,3.46
-8,7,-8,7,9,0,93.9244737791402,184.671118728638,0,0,1,3.865,3.46
-9,7,-9,7,9,0,97.7894735502584,184.671118728638,0,0,1,3.865,3.46
-10,7,-10,7,9,0,101.654475228725,184.671118728638,0,0,1,3.865,3.46
-11,7,-11,7,9,0,105.519473092495,184.671118728638,0,0,1,3.865,3.46
-12,7,-12,7,8,0,109.384474770962,184.671118728638,0,0,1,3.865,3.46
-13,7,-13,7,8,0,113.249472634731,184.671118728638,0,0,1,3.865,3.46
-14,7,-14,7,8,0,117.114474313198,184.671118728638,0,0,1,3.865,3.46
-15,7,-15,7,8,0,120.979472176967,184.671118728638,0,0,1,3.865,3.46
-16,7,-16,7,7,0,124.844473855434,184.671118728638,0,0,1,3.865,3.46
-17,7,-17,7,7,0,128.709475533901,184.671118728638,0,0,1,3.865,3.46
-18,7,-18,7,7,0,132.574473397671,184.671118728638,0,0,1,3.865,3.46
-19,7,-19,7,6,0,136.43947126144,184.671118728638,0,0,1,3.865,3.46
-20,7,-20,7,5,0,140.304476754604,184.671118728638,0,0,1,3.865,3.46
-21,7,-21,7,5,0,144.169474618374,184.671118728638,0,0,1,3.865,3.46
-22,7,-22,7,4,0,148.034472482143,184.671118728638,0,0,1,3.865,3.46
-23,7,-23,7,3,0,151.899470345913,184.671118728638,0,0,1,3.865,3.46
-24,7,-24,7,2,0,155.764475839077,184.671118728638,0,0,1,3.865,3.46
-25,7,-25,7,1,0,159.629473702846,184.671118728638,0,0,1,3.865,3.46
-26,8,-26,8,1,0,163.491703565892,181.211117736816,0,0,1,3.865,3.46
-25,8,-25,8,2,0,159.626705702123,181.211117736816,0,0,1,3.865,3.46
-24,8,-24,8,3,0,155.761707838353,181.211117736816,0,0,1,3.865,3.46
-23,8,-23,8,4,0,151.896702345189,181.211117736816,0,0,1,3.865,3.46
-22,8,-22,8,5,0,148.03170448142,181.211117736816,0,0,1,3.865,3.46
-21,8,-21,8,6,0,144.16670661765,181.211117736816,0,0,1,3.865,3.46
-20,8,-20,8,6,0,140.301708753881,181.211117736816,0,0,1,3.865,3.46
-19,8,-19,8,7,0,136.436703260717,181.211117736816,0,0,1,3.865,3.46
-18,8,-18,8,8,0,132.571705396947,181.211117736816,0,0,1,3.865,3.46
-17,8,-17,8,8,0,128.706707533177,181.211117736816,0,0,1,3.865,3.46
-16,8,-16,8,8,0,124.841705854711,181.211117736816,0,0,1,3.865,3.46
-15,8,-15,8,9,0,120.976704176244,181.211117736816,0,0,1,3.865,3.46
-14,8,-14,8,9,0,117.111706312474,181.211117736816,0,0,1,3.865,3.46
-13,8,-13,8,9,0,113.246704634008,181.211117736816,0,0,1,3.865,3.46
-12,8,-12,8,9,0,109.381706770238,181.211117736816,0,0,1,3.865,3.46
-11,8,-11,8,10,0,105.516705091771,181.211117736816,0,0,1,3.865,3.46
-10,8,-10,8,10,0,101.651707228002,181.211117736816,0,0,1,3.865,3.46
-9,8,-9,8,10,0,97.7867055495349,181.211117736816,0,0,1,3.865,3.46
-8,8,-8,8,10,0,93.9217057784167,181.211117736816,0,0,1,3.865,3.46
-7,8,-7,8,10,0,90.0567060072986,181.211117736816,0,0,1,3.865,3.46
-6,8,-6,8,10,0,86.1917062361804,181.211117736816,0,0,1,3.865,3.46
-5,8,-5,8,10,0,82.3267064650622,181.211117736816,0,0,1,3.865,3.46
-4,8,-4,8,10,0,78.4617057402697,181.211117736816,0,0,1,3.865,3.46
-3,8,-3,8,9,0,74.5967059691516,181.211117736816,0,0,1,3.865,3.46
-2,8,-2,8,9,0,70.7317057211962,181.211117736816,0,0,1,3.865,3.46
-1,8,-1,8,9,0,66.8667057116595,181.211117736816,0,0,1,3.865,3.46
0,8,0,8,9,0,63.0017057021228,181.211117736816,0,0,1,3.865,3.46
1,8,1,8,8,0,59.136705692586,181.211117736816,0,0,1,3.865,3.46
2,8,2,8,8,0,55.2717056830493,181.211117736816,0,0,1,3.865,3.46
3,8,3,8,8,0,51.406705435094,181.211117736816,0,0,1,3.865,3.46
4,8,4,8,7,0,47.5417056639758,181.211117736816,0,0,1,3.865,3.46
5,8,5,8,6,0,43.6767049391833,181.211117736816,0,0,1,3.865,3.46
6,8,6,8,5,0,39.8117051680651,181.211117736816,0,0,1,3.865,3.46
7,8,7,8,5,0,35.946705396947,181.211117736816,0,0,1,3.865,3.46
8,8,8,8,4,0,32.0817056258288,181.211117736816,0,0,1,3.865,3.46
9,8,9,8,3,0,28.2167058547107,181.211117736816,0,0,1,3.865,3.46
10,8,10,8,2,0,24.3517041762439,181.211117736816,0,0,1,3.865,3.46
11,8,11,8,1,0,20.4867063124743,181.211117736816,0,0,1,3.865,3.46
11,9,11,9,1,0,20.4839383132767,177.751118652344,0,0,1,3.865,3.46
10,9,10,9,2,0,24.3489361770462,177.751118652344,0,0,1,3.865,3.46
9,9,9,9,3,0,28.213937855513,177.751118652344,0,0,1,3.865,3.46
8,9,8,9,4,0,32.0789376266312,177.751118652344,0,0,1,3.865,3.46
7,9,7,9,5,0,35.9439373977493,177.751118652344,0,0,1,3.865,3.46
6,9,6,9,6,0,39.8089371688675,177.751118652344,0,0,1,3.865,3.46
5,9,5,9,7,0,43.6739369399857,177.751118652344,0,0,1,3.865,3.46
4,9,4,9,8,0,47.5389376647781,177.751118652344,0,0,1,3.865,3.46
3,9,3,9,9,0,51.4039374358963,177.751118652344,0,0,1,3.865,3.46
2,9,2,9,9,0,55.2689376838516,177.751118652344,0,0,1,3.865,3.46
1,9,1,9,9,0,59.1339376933884,177.751118652344,0,0,1,3.865,3.46
0,9,0,9,10,0,62.9989377029251,177.751118652344,0,0,1,3.865,3.46
-1,9,-1,9,10,0,66.8639377124618,177.751118652344,0,0,1,3.865,3.46
-2,9,-2,9,10,0,70.7289377219986,177.751118652344,0,0,1,3.865,3.46
-3,9,-3,9,10,0,74.5939379699539,177.751118652344,0,0,1,3.865,3.46
-4,9,-4,9,11,0,78.4589377410721,177.751118652344,0,0,1,3.865,3.46
-5,9,-5,9,11,0,82.3239384658646,177.751118652344,0,0,1,3.865,3.46
-6,9,-6,9,11,0,86.1889382369827,177.751118652344,0,0,1,3.865,3.46
-7,9,-7,9,11,0,90.0539380081009,177.751118652344,0,0,1,3.865,3.46
-8,9,-8,9,11,0,93.9189377792191,177.751118652344,0,0,1,3.865,3.46
-9,9,-9,9,11,0,97.7839375503372,177.751118652344,0,0,1,3.865,3.46
-10,9,-10,9,11,0,101.648939228804,177.751118652344,0,0,1,3.865,3.46
-11,9,-11,9,11,0,105.513937092574,177.751118652344,0,0,1,3.865,3.46
-12,9,-12,9,10,0,109.37893877104,177.751118652344,0,0,1,3.865,3.46
-13,9,-13,9,10,0,113.24393663481,177.751118652344,0,0,1,3.865,3.46
-14,9,-14,9,10,0,117.108938313277,177.751118652344,0,0,1,3.865,3.46
-15,9,-15,9,10,0,120.973936177046,177.751118652344,0,0,1,3.865,3.46
-16,9,-16,9,9,0,124.838937855513,177.751118652344,0,0,1,3.865,3.46
-17,9,-17,9,9,0,128.70393953398,177.751118652344,0,0,1,3.865,3.46
-18,9,-18,9,9,0,132.568937397749,177.751118652344,0,0,1,3.865,3.46
-19,9,-19,9,8,0,136.433935261519,177.751118652344,0,0,1,3.865,3.46
-20,9,-20,9,7,0,140.298940754683,177.751118652344,0,0,1,3.865,3.46
-21,9,-21,9,7,0,144.163938618452,177.751118652344,0,0,1,3.865,3.46
-22,9,-22,9,6,0,148.028936482222,177.751118652344,0,0,1,3.865,3.46
-23,9,-23,9,5,0,151.893934345992,177.751118652344,0,0,1,3.865,3.46
-24,9,-24,9,4,0,155.758939839156,177.751118652344,0,0,1,3.865,3.46
-25,9,-25,9,3,0,159.623937702925,177.751118652344,0,0,1,3.865,3.46
-26,9,-26,9,2,0,163.488935566695,177.751118652344,0,0,1,3.865,3.46
-27,9,-27,9,1,0,167.353941059859,177.751118652344,0,0,1,3.865,3.46
-28,10,-28,10,1,0,171.216170924431,174.291119567871,0,0,1,3.865,3.46
-27,10,-27,10,2,0,167.351173060661,174.291119567871,0,0,1,3.865,3.46
-26,10,-26,10,3,0,163.486167567497,174.291119567871,0,0,1,3.865,3.46
-25,10,-25,10,4,0,159.621169703727,174.291119567871,0,0,1,3.865,3.46
-24,10,-24,10,5,0,155.756171839958,174.291119567871,0,0,1,3.865,3.46
-23,10,-23,10,6,0,151.891166346794,174.291119567871,0,0,1,3.865,3.46
-22,10,-22,10,7,0,148.026168483024,174.291119567871,0,0,1,3.865,3.46
-21,10,-21,10,8,0,144.161170619255,174.291119567871,0,0,1,3.865,3.46
-20,10,-20,10,8,0,140.296172755485,174.291119567871,0,0,1,3.865,3.46
-19,10,-19,10,9,0,136.431167262321,174.291119567871,0,0,1,3.865,3.46
-18,10,-18,10,10,0,132.566169398552,174.291119567871,0,0,1,3.865,3.46
-17,10,-17,10,10,0,128.701171534782,174.291119567871,0,0,1,3.865,3.46
-16,10,-16,10,10,0,124.836169856315,174.291119567871,0,0,1,3.865,3.46
-15,10,-15,10,11,0,120.971168177849,174.291119567871,0,0,1,3.865,3.46
-14,10,-14,10,11,0,117.106170314079,174.291119567871,0,0,1,3.865,3.46
-13,10,-13,10,11,0,113.241168635612,174.291119567871,0,0,1,3.865,3.46
-12,10,-12,10,11,0,109.376170771843,174.291119567871,0,0,1,3.865,3.46
-11,10,-11,10,12,0,105.511169093376,174.291119567871,0,0,1,3.865,3.46
-10,10,-10,10,12,0,101.646171229606,174.291119567871,0,0,1,3.865,3.46
-9,10,-9,10,12,0,97.7811695511396,174.291119567871,0,0,1,3.865,3.46
-8,10,-8,10,12,0,93.9161697800214,174.291119567871,0,0,1,3.865,3.46
-7,10,-7,10,12,0,90.0511700089032,174.291119567871,0,0,1,3.865,3.46
-6,10,-6,10,12,0,86.1861702377851,174.291119567871,0,0,1,3.865,3.46
-5,10,-5,10,12,0,82.3211704666669,174.291119567871,0,0,1,3.865,3.46
-4,10,-4,10,12,0,78.4561697418744,174.291119567871,0,0,1,3.865,3.46
-3,10,-3,10,11,0,74.5911699707563,174.291119567871,0,0,1,3.865,3.46
-2,10,-2,10,11,0,70.7261697228009,174.291119567871,0,0,1,3.865,3.46
-1,10,-1,10,11,0,66.8611697132642,174.291119567871,0,0,1,3.865,3.46
0,10,0,10,11,0,62.9961697037275,174.291119567871,0,0,1,3.865,3.46
1,10,1,10,10,0,59.1311696941907,174.291119567871,0,0,1,3.865,3.46
2,10,2,10,10,0,55.266169684654,174.291119567871,0,0,1,3.865,3.46
3,10,3,10,10,0,51.4011694366987,174.291119567871,0,0,1,3.865,3.46
4,10,4,10,9,0,47.5361696655805,174.291119567871,0,0,1,3.865,3.46
5,10,5,10,8,0,43.671168940788,174.291119567871,0,0,1,3.865,3.46
6,10,6,10,7,0,39.8061691696698,174.291119567871,0,0,1,3.865,3.46
7,10,7,10,6,0,35.9411693985517,174.291119567871,0,0,1,3.865,3.46
8,10,8,10,5,0,32.0761696274335,174.291119567871,0,0,1,3.865,3.46
9,10,9,10,4,0,28.2111698563153,174.291119567871,0,0,1,3.865,3.46
10,10,10,10,3,0,24.3461681778486,174.291119567871,0,0,1,3.865,3.46
11,10,11,10,2,0,20.481170314079,174.291119567871,0,0,1,3.865,3.46
12,10,12,10,1,0,16.6161686356122,174.291119567871,0,0,1,3.865,3.46
13,11,13,11,1,0,12.7484027695933,170.831116668701,0,0,1,3.865,3.46
12,11,12,11,2,0,16.6134006333628,170.831116668701,0,0,1,3.865,3.46
11,11,11,11,3,0,20.4784023118296,170.831116668701,0,0,1,3.865,3.46
10,11,10,11,4,0,24.3434001755991,170.831116668701,0,0,1,3.865,3.46
9,11,9,11,5,0,28.2084018540659,170.831116668701,0,0,1,3.865,3.46
8,11,8,11,6,0,32.0734016251841,170.831116668701,0,0,1,3.865,3.46
7,11,7,11,7,0,35.9384013963023,170.831116668701,0,0,1,3.865,3.46
6,11,6,11,8,0,39.8034011674204,170.831116668701,0,0,1,3.865,3.46
5,11,5,11,9,0,43.6684009385386,170.831116668701,0,0,1,3.865,3.46
4,11,4,11,10,0,47.5334016633311,170.831116668701,0,0,1,3.865,3.46
3,11,3,11,11,0,51.3984014344492,170.831116668701,0,0,1,3.865,3.46
2,11,2,11,11,0,55.2634016824046,170.831116668701,0,0,1,3.865,3.46
1,11,1,11,11,0,59.1284016919413,170.831116668701,0,0,1,3.865,3.46
0,11,0,11,12,0,62.993401701478,170.831116668701,0,0,1,3.865,3.46
-1,11,-1,11,12,0,66.8584017110148,170.831116668701,0,0,1,3.865,3.46
-2,11,-2,11,12,0,70.7234017205515,170.831116668701,0,0,1,3.865,3.46
-3,11,-3,11,12,0,74.5884019685069,170.831116668701,0,0,1,3.865,3.46
-4,11,-4,11,13,0,78.453401739625,170.831116668701,0,0,1,3.865,3.46
-5,11,-5,11,13,0,82.3184024644175,170.831116668701,0,0,1,3.865,3.46
-6,11,-6,11,13,0,86.1834022355357,170.831116668701,0,0,1,3.865,3.46
-7,11,-7,11,13,0,90.0484020066538,170.831116668701,0,0,1,3.865,3.46
-8,11,-8,11,13,0,93.913401777772,170.831116668701,0,0,1,3.865,3.46
-9,11,-9,11,13,0,97.7784015488902,170.831116668701,0,0,1,3.865,3.46
-10,11,-10,11,13,0,101.643403227357,170.831116668701,0,0,1,3.865,3.46
-11,11,-11,11,13,0,105.508401091126,170.831116668701,0,0,1,3.865,3.46
-12,11,-12,11,12,0,109.373402769593,170.831116668701,0,0,1,3.865,3.46
-13,11,-13,11,12,0,113.238400633363,170.831116668701,0,0,1,3.865,3.46
-14,11,-14,11,12,0,117.10340231183,170.831116668701,0,0,1,3.865,3.46
-15,11,-15,11,12,0,120.968400175599,170.831116668701,0,0,1,3.865,3.46
-16,11,-16,11,11,0,124.833401854066,170.831116668701,0,0,1,3.865,3.46
-17,11,-17,11,11,0,128.698403532533,170.831116668701,0,0,1,3.865,3.46
-18,11,-18,11,11,0,132.563401396302,170.831116668701,0,0,1,3.865,3.46
-19,11,-19,11,10,0,136.428399260072,170.831116668701,0,0,1,3.865,3.46
-20,11,-20,11,9,0,140.293404753236,170.831116668701,0,0,1,3.865,3.46
-21,11,-21,11,8,0,144.158402617005,170.831116668701,0,0,1,3.865,3.46
-22,11,-22,11,7,0,148.023400480775,170.831116668701,0,0,1,3.865,3.46
-23,11,-23,11,6,0,151.888398344544,170.831116668701,0,0,1,3.865,3.46
-24,11,-24,11,5,0,155.753403837709,170.831116668701,0,0,1,3.865,3.46
-25,11,-25,11,4,0,159.618401701478,170.831116668701,0,0,1,3.865,3.46
-26,11,-26,11,3,0,163.483399565248,170.831116668701,0,0,1,3.865,3.46
-27,11,-27,11,2,0,167.348405058412,170.831116668701,0,0,1,3.865,3.46
-28,11,-28,11,1,0,171.213402922181,170.831116668701,0,0,1,3.865,3.46
-29,12,-29,12,1,0,175.075632786753,167.371117584229,0,0,1,3.865,3.46
-28,12,-28,12,2,0,171.210634922984,167.371117584229,0,0,1,3.865,3.46
-27,12,-27,12,3,0,167.345637059214,167.371117584229,0,0,1,3.865,3.46
-26,12,-26,12,4,0,163.48063156605,167.371117584229,0,0,1,3.865,3.46
-25,12,-25,12,5,0,159.61563370228,167.371117584229,0,0,1,3.865,3.46
-24,12,-24,12,6,0,155.750635838511,167.371117584229,0,0,1,3.865,3.46
-23,12,-23,12,7,0,151.885630345347,167.371117584229,0,0,1,3.865,3.46
-22,12,-22,12,8,0,148.020632481577,167.371117584229,0,0,1,3.865,3.46
-21,12,-21,12,9,0,144.155634617808,167.371117584229,0,0,1,3.865,3.46
-20,12,-20,12,10,0,140.290636754038,167.371117584229,0,0,1,3.865,3.46
-19,12,-19,12,11,0,136.425631260874,167.371117584229,0,0,1,3.865,3.46
-18,12,-18,12,12,0,132.560633397105,167.371117584229,0,0,1,3.865,3.46
-17,12,-17,12,12,0,128.695635533335,167.371117584229,0,0,1,3.865,3.46
-16,12,-16,12,12,0,124.830633854868,167.371117584229,0,0,1,3.865,3.46
-15,12,-15,12,13,0,120.965632176401,167.371117584229,0,0,1,3.865,3.46
-14,12,-14,12,13,0,117.100634312632,167.371117584229,0,0,1,3.865,3.46
-13,12,-13,12,13,0,113.235632634165,167.371117584229,0,0,1,3.865,3.46
-12,12,-12,12,13,0,109.370634770396,167.371117584229,0,0,1,3.865,3.46
-11,12,-11,12,14,0,105.505633091929,167.371117584229,0,0,1,3.865,3.46
-10,12,-10,12,14,0,101.640635228159,167.371117584229,0,0,1,3.865,3.46
-9,12,-9,12,14,0,97.7756335496925,167.371117584229,0,0,1,3.865,3.46
-8,12,-8,12,14,0,93.9106337785744,167.371117584229,0,0,1,3.865,3.46
-7,12,-7,12,14,0,90.0456340074562,167.371117584229,0,0,1,3.865,3.46
-6,12,-6,12,14,0,86.180634236338,167.371117584229,0,0,1,3.865,3.46
-5,12,-5,12,14,0,82.3156344652199,167.371117584229,0,0,1,3.865,3.46
-4,12,-4,12,14,0,78.4506337404274,167.371117584229,0,0,1,3.865,3.46
-3,12,-3,12,13,0,74.5856339693092,167.371117584229,0,0,1,3.865,3.46
-2,12,-2,12,13,0,70.7206337213539,167.371117584229,0,0,1,3.865,3.46
-1,12,-1,12,13,0,66.8556337118171,167.371117584229,0,0,1,3.865,3.46
0,12,0,12,13,0,62.9906337022804,167.371117584229,0,0,1,3.865,3.46
1,12,1,12,12,0,59.1256336927437,167.371117584229,0,0,1,3.865,3.46
2,12,2,12,12,0,55.2606336832069,167.371117584229,0,0,1,3.865,3.46
3,12,3,12,12,0,51.3956334352516,167.371117584229,0,0,1,3.865,3.46
4,12,4,12,11,0,47.5306336641334,167.371117584229,0,0,1,3.865,3.46
5,12,5,12,10,0,43.6656329393409,167.371117584229,0,0,1,3.865,3.46
6,12,6,12,9,0,39.8006331682228,167.371117584229,0,0,1,3.865,3.46
7,12,7,12,8,0,35.9356333971046,167.371117584229,0,0,1,3.865,3.46
8,12,8,12,7,0,32.0706336259864,167.371117584229,0,0,1,3.865,3.46
9,12,9,12,6,0,28.2056338548683,167.371117584229,0,0,1,3.865,3.46
10,12,10,12,5,0,24.3406321764015,167.371117584229,0,0,1,3.865,3.46
11,12,11,12,4,0,20.475634312632,167.371117584229,0,0,1,3.865,3.46
12,12,12,12,3,0,16.6106326341652,167.371117584229,0,0,1,3.865,3.46
13,12,13,12,2,0,12.7456347703956,167.371117584229,0,0,1,3.865,3.46
14,12,14,12,1,0,8.88063309192883,167.371117584229,0,0,1,3.865,3.46
14,13,14,13,1,0,8.87786509273118,163.911118499756,0,0,1,3.865,3.46
13,13,13,13,2,0,12.742866771198,163.911118499756,0,0,1,3.865,3.46
12,13,12,13,3,0,16.6078646349675,163.911118499756,0,0,1,3.865,3.46
11,13,11,13,4,0,20.4728663134343,163.911118499756,0,0,1,3.865,3.46
10,13,10,13,5,0,24.3378641772038,163.911118499756,0,0,1,3.865,3.46
9,13,9,13,6,0,28.2028658556706,163.911118499756,0,0,1,3.865,3.46
8,13,8,13,7,0,32.0678656267888,163.911118499756,0,0,1,3.865,3.46
7,13,7,13,8,0,35.932865397907,163.911118499756,0,0,1,3.865,3.46
6,13,6,13,9,0,39.7978651690251,163.911118499756,0,0,1,3.865,3.46
5,13,5,13,10,0,43.6628649401433,163.911118499756,0,0,1,3.865,3.46
4,13,4,13,11,0,47.5278656649358,163.911118499756,0,0,1,3.865,3.46
3,13,3,13,12,0,51.3928654360539,163.911118499756,0,0,1,3.865,3.46
2,13,2,13,13,0,55.2578656840093,163.911118499756,0,0,1,3.865,3.46
1,13,1,13,13,0,59.122865693546,163.911118499756,0,0,1,3.865,3.46
0,13,0,13,14,0,62.9878657030827,163.911118499756,0,0,1,3.865,3.46
-1,13,-1,13,14,0,66.8528657126195,163.911118499756,0,0,1,3.865,3.46
-2,13,-2,13,14,0,70.7178657221562,163.911118499756,0,0,1,3.865,3.46
-3,13,-3,13,14,0,74.5828659701116,163.911118499756,0,0,1,3.865,3.46
-4,13,-4,13,15,0,78.4478657412297,163.911118499756,0,0,1,3.865,3.46
-5,13,-5,13,15,0,82.3128664660222,163.911118499756,0,0,1,3.865,3.46
-6,13,-6,13,15,0,86.1778662371404,163.911118499756,0,0,1,3.865,3.46
-7,13,-7,13,15,0,90.0428660082585,163.911118499756,0,0,1,3.865,3.46
-8,13,-8,13,15,0,93.9078657793767,163.911118499756,0,0,1,3.865,3.46
-9,13,-9,13,15,0,97.7728655504949,163.911118499756,0,0,1,3.865,3.46
-10,13,-10,13,15,0,101.637867228962,163.911118499756,0,0,1,3.865,3.46
-11,13,-11,13,15,0,105.502865092731,163.911118499756,0,0,1,3.865,3.46
-12,13,-12,13,14,0,109.367866771198,163.911118499756,0,0,1,3.865,3.46
-13,13,-13,13,14,0,113.232864634968,163.911118499756,0,0,1,3.865,3.46
-14,13,-14,13,14,0,117.097866313434,163.911118499756,0,0,1,3.865,3.46
-15,13,-15,13,14,0,120.962864177204,163.911118499756,0,0,1,3.865,3.46
-16,13,-16,13,13,0,124.827865855671,163.911118499756,0,0,1,3.865,3.46
-17,13,-17,13,13,0,128.692867534137,163.911118499756,0,0,1,3.865,3.46
-18,13,-18,13,12,0,132.557865397907,163.911118499756,0,0,1,3.865,3.46
-19,13,-19,13,11,0,136.422863261676,163.911118499756,0,0,1,3.865,3.46
-20,13,-20,13,10,0,140.287868754841,163.911118499756,0,0,1,3.865,3.46
-21,13,-21,13,9,0,144.15286661861,163.911118499756,0,0,1,3.865,3.46
-22,13,-22,13,8,0,148.01786448238,163.911118499756,0,0,1,3.865,3.46
-23,13,-23,13,7,0,151.882862346149,163.911118499756,0,0,1,3.865,3.46
-24,13,-24,13,6,0,155.747867839313,163.911118499756,0,0,1,3.865,3.46
-25,13,-25,13,5,0,159.612865703083,163.911118499756,0,0,1,3.865,3.46
-26,13,-26,13,4,0,163.477863566852,163.911118499756,0,0,1,3.865,3.46
-27,13,-27,13,3,0,167.342869060016,163.911118499756,0,0,1,3.865,3.46
-28,13,-28,13,2,0,171.207866923786,163.911118499756,0,0,1,3.865,3.46
-29,13,-29,13,1,0,175.072864787555,163.911118499756,0,0,1,3.865,3.46
-30,14,-30,14,1,0,178.935094652127,160.451119415283,0,0,1,3.865,3.46
-29,14,-29,14,2,0,175.070096788358,160.451119415283,0,0,1,3.865,3.46
-28,14,-28,14,3,0,171.205098924588,160.451119415283,0,0,1,3.865,3.46
-27,14,-27,14,4,0,167.340101060819,160.451119415283,0,0,1,3.865,3.46
-26,14,-26,14,5,0,163.475095567655,160.451119415283,0,0,1,3.865,3.46
-25,14,-25,14,6,0,159.610097703885,160.451119415283,0,0,1,3.865,3.46
-24,14,-24,14,7,0,155.745099840116,160.451119415283,0,0,1,3.865,3.46
-23,14,-23,14,8,0,151.880094346951,160.451119415283,0,0,1,3.865,3.46
-22,14,-22,14,9,0,148.015096483182,160.451119415283,0,0,1,3.865,3.46
-21,14,-21,14,10,0,144.150098619412,160.451119415283,0,0,1,3.865,3.46
-20,14,-20,14,11,0,140.285100755643,160.451119415283,0,0,1,3.865,3.46
-19,14,-19,14,12,0,136.420095262479,160.451119415283,0,0,1,3.865,3.46
-18,14,-18,14,13,0,132.555097398709,160.451119415283,0,0,1,3.865,3.46
-17,14,-17,14,14,0,128.69009953494,160.451119415283,0,0,1,3.865,3.46
-16,14,-16,14,14,0,124.825097856473,160.451119415283,0,0,1,3.865,3.46
-15,14,-15,14,15,0,120.960096178006,160.451119415283,0,0,1,3.865,3.46
-14,14,-14,14,15,0,117.095098314237,160.451119415283,0,0,1,3.865,3.46
-13,14,-13,14,15,0,113.23009663577,160.451119415283,0,0,1,3.865,3.46
-12,14,-12,14,15,0,109.365098772,160.451119415283,0,0,1,3.865,3.46
-11,14,-11,14,16,0,105.500097093534,160.451119415283,0,0,1,3.865,3.46
-10,14,-10,14,16,0,101.635099229764,160.451119415283,0,0,1,3.865,3.46
-9,14,-9,14,16,0,97.7700975512972,160.451119415283,0,0,1,3.865,3.46
-8,14,-8,14,16,0,93.905097780179,160.451119415283,0,0,1,3.865,3.46
-7,14,-7,14,16,0,90.0400980090609,160.451119415283,0,0,1,3.865,3.46
-6,14,-6,14,16,0,86.1750982379427,160.451119415283,0,0,1,3.865,3.46
-5,14,-5,14,16,0,82.3100984668246,160.451119415283,0,0,1,3.865,3.46
-4,14,-4,14,16,0,78.4450977420321,160.451119415283,0,0,1,3.865,3.46
-3,14,-3,14,15,0,74.5800979709139,160.451119415283,0,0,1,3.865,3.46
-2,14,-2,14,15,0,70.7150977229586,160.451119415283,0,0,1,3.865,3.46
-1,14,-1,14,15,0,66.8500977134218,160.451119415283,0,0,1,3.865,3.46
0,14,0,14,15,0,62.9850977038851,160.451119415283,0,0,1,3.865,3.46
1,14,1,14,14,0,59.1200976943483,160.451119415283,0,0,1,3.865,3.46
2,14,2,14,13,0,55.2550976848116,160.451119415283,0,0,1,3.865,3.46
3,14,3,14,12,0,51.3900974368563,160.451119415283,0,0,1,3.865,3.46
4,14,4,14,11,0,47.5250976657381,160.451119415283,0,0,1,3.865,3.46
5,14,5,14,10,0,43.6600969409456,160.451119415283,0,0,1,3.865,3.46
6,14,6,14,9,0,39.7950971698275,160.451119415283,0,0,1,3.865,3.46
7,14,7,14,8,0,35.9300973987093,160.451119415283,0,0,1,3.865,3.46
8,14,8,14,7,0,32.0650976275911,160.451119415283,0,0,1,3.865,3.46
9,14,9,14,6,0,28.200097856473,160.451119415283,0,0,1,3.865,3.46
10,14,10,14,5,0,24.3350961780062,160.451119415283,0,0,1,3.865,3.46
11,14,11,14,4,0,20.4700983142367,160.451119415283,0,0,1,3.865,3.46
12,14,12,14,3,0,16.6050966357699,160.451119415283,0,0,1,3.865,3.46
13,14,13,14,2,0,12.7400987720003,160.451119415283,0,0,1,3.865,3.46
14,14,14,14,1,0,8.87509709353353,160.451119415283,0,0,1,3.865,3.46
15,15,15,15,1,0,5.00733122751458,156.991116516113,0,0,1,3.865,3.46
14,15,14,15,2,0,8.87232909128412,156.991116516113,0,0,1,3.865,3.46
13,15,13,15,3,0,12.7373307697509,156.991116516113,0,0,1,3.865,3.46
12,15,12,15,4,0,16.6023286335204,156.991116516113,0,0,1,3.865,3.46
11,15,11,15,5,0,20.4673303119872,156.991116516113,0,0,1,3.865,3.46
10,15,10,15,6,0,24.3323281757568,156.991116516113,0,0,1,3.865,3.46
9,15,9,15,7,0,28.1973298542236,156.991116516113,0,0,1,3.865,3.46
8,15,8,15,8,0,32.0623296253417,156.991116516113,0,0,1,3.865,3.46
7,15,7,15,9,0,35.9273293964599,156.991116516113,0,0,1,3.865,3.46
6,15,6,15,10,0,39.7923291675781,156.991116516113,0,0,1,3.865,3.46
5,15,5,15,11,0,43.6573289386962,156.991116516113,0,0,1,3.865,3.46
4,15,4,15,12,0,47.5223296634887,156.991116516113,0,0,1,3.865,3.46
3,15,3,15,13,0,51.3873294346069,156.991116516113,0,0,1,3.865,3.46
2,15,2,15,14,0,55.2523296825622,156.991116516113,0,0,1,3.865,3.46
1,15,1,15,15,0,59.1173296920989,156.991116516113,0,0,1,3.865,3.46
0,15,0,15,16,0,62.9823297016357,156.991116516113,0,0,1,3.865,3.46
-1,15,-1,15,16,0,66.8473297111724,156.991116516113,0,0,1,3.865,3.46
-2,15,-2,15,16,0,70.7123297207092,156.991116516113,0,0,1,3.865,3.46
-3,15,-3,15,16,0,74.5773299686645,156.991116516113,0,0,1,3.865,3.46
-4,15,-4,15,17,0,78.4423297397827,156.991116516113,0,0,1,3.865,3.46
-5,15,-5,15,17,0,82.3073304645751,156.991116516113,0,0,1,3.865,3.46
-6,15,-6,15,17,0,86.1723302356933,156.991116516113,0,0,1,3.865,3.46
-7,15,-7,15,17,0,90.0373300068115,156.991116516113,0,0,1,3.865,3.46
-8,15,-8,15,17,0,93.9023297779296,156.991116516113,0,0,1,3.865,3.46
-9,15,-9,15,17,0,97.7673295490478,156.991116516113,0,0,1,3.865,3.46
-10,15,-10,15,17,0,101.632331227515,156.991116516113,0,0,1,3.865,3.46
-11,15,-11,15,17,0,105.497329091284,156.991116516113,0,0,1,3.865,3.46
-12,15,-12,15,16,0,109.362330769751,156.991116516113,0,0,1,3.865,3.46
-13,15,-13,15,16,0,113.22732863352,156.991116516113,0,0,1,3.865,3.46
-14,15,-14,15,16,0,117.092330311987,156.991116516113,0,0,1,3.865,3.46
-15,15,-15,15,16,0,120.957328175757,156.991116516113,0,0,1,3.865,3.46
-16,15,-16,15,15,0,124.822329854224,156.991116516113,0,0,1,3.865,3.46
-17,15,-17,15,14,0,128.68733153269,156.991116516113,0,0,1,3.865,3.46
-18,15,-18,15,13,0,132.55232939646,156.991116516113,0,0,1,3.865,3.46
-19,15,-19,15,12,0,136.417327260229,156.991116516113,0,0,1,3.865,3.46
-20,15,-20,15,11,0,140.282332753393,156.991116516113,0,0,1,3.865,3.46
-21,15,-21,15,10,0,144.147330617163,156.991116516113,0,0,1,3.865,3.46
-22,15,-22,15,9,0,148.012328480933,156.991116516113,0,0,1,3.865,3.46
-23,15,-23,15,8,0,151.877326344702,156.991116516113,0,0,1,3.865,3.46
-24,15,-24,15,7,0,155.742331837866,156.991116516113,0,0,1,3.865,3.46
-25,15,-25,15,6,0,159.607329701636,156.991116516113,0,0,1,3.865,3.46
-26,15,-26,15,5,0,163.472327565405,156.991116516113,0,0,1,3.865,3.46
-27,15,-27,15,4,0,167.337333058569,156.991116516113,0,0,1,3.865,3.46
-28,15,-28,15,3,0,171.202330922339,156.991116516113,0,0,1,3.865,3.46
-29,15,-29,15,2,0,175.067328786108,156.991116516113,0,0,1,3.865,3.46
-30,15,-30,15,1,0,178.932326649878,156.991116516113,0,0,1,3.865,3.46
-30,16,-30,16,1,0,178.92955865068,153.531117431641,0,0,1,3.865,3.46
-29,16,-29,16,2,0,175.064560786911,153.531117431641,0,0,1,3.865,3.46
-28,16,-28,16,3,0,171.199562923141,153.531117431641,0,0,1,3.865,3.46
-27,16,-27,16,4,0,167.334565059372,153.531117431641,0,0,1,3.865,3.46
-26,16,-26,16,5,0,163.469559566208,153.531117431641,0,0,1,3.865,3.46
-25,16,-25,16,6,0,159.604561702438,153.531117431641,0,0,1,3.865,3.46
-24,16,-24,16,7,0,155.739563838669,153.531117431641,0,0,1,3.865,3.46
-23,16,-23,16,8,0,151.874558345504,153.531117431641,0,0,1,3.865,3.46
-22,16,-22,16,9,0,148.009560481735,153.531117431641,0,0,1,3.865,3.46
-21,16,-21,16,10,0,144.144562617965,153.531117431641,0,0,1,3.865,3.46
-20,16,-20,16,11,0,140.279564754196,153.531117431641,0,0,1,3.865,3.46
-19,16,-19,16,12,0,136.414559261032,153.531117431641,0,0,1,3.865,3.46
-18,16,-18,16,13,0,132.549561397262,153.531117431641,0,0,1,3.865,3.46
-17,16,-17,16,14,0,128.684563533493,153.531117431641,0,0,1,3.865,3.46
-16,16,-16,16,15,0,124.819561855026,153.531117431641,0,0,1,3.865,3.46
-15,16,-15,16,16,0,120.954560176559,153.531117431641,0,0,1,3.865,3.46
-14,16,-14,16,17,0,117.08956231279,153.531117431641,0,0,1,3.865,3.46
-13,16,-13,16,17,0,113.224560634323,153.531117431641,0,0,1,3.865,3.46
-12,16,-12,16,17,0,109.359562770553,153.531117431641,0,0,1,3.865,3.46
-11,16,-11,16,18,0,105.494561092086,153.531117431641,0,0,1,3.865,3.46
-10,16,-10,16,18,0,101.629563228317,153.531117431641,0,0,1,3.865,3.46
-9,16,-9,16,18,0,97.7645615498501,153.531117431641,0,0,1,3.865,3.46
-8,16,-8,16,18,0,93.899561778732,153.531117431641,0,0,1,3.865,3.46
-7,16,-7,16,18,0,90.0345620076138,153.531117431641,0,0,1,3.865,3.46
-6,16,-6,16,18,0,86.1695622364957,153.531117431641,0,0,1,3.865,3.46
-5,16,-5,16,18,0,82.3045624653775,153.531117431641,0,0,1,3.865,3.46
-4,16,-4,16,18,0,78.439561740585,153.531117431641,0,0,1,3.865,3.46
-3,16,-3,16,17,0,74.5745619694668,153.531117431641,0,0,1,3.865,3.46
-2,16,-2,16,17,0,70.7095617215115,153.531117431641,0,0,1,3.865,3.46
-1,16,-1,16,17,0,66.8445617119748,153.531117431641,0,0,1,3.865,3.46
0,16,0,16,16,0,62.979561702438,153.531117431641,0,0,1,3.865,3.46
1,16,1,16,15,0,59.1145616929013,153.531117431641,0,0,1,3.865,3.46
2,16,2,16,14,0,55.2495616833645,153.531117431641,0,0,1,3.865,3.46
3,16,3,16,13,0,51.3845614354092,153.531117431641,0,0,1,3.865,3.46
4,16,4,16,12,0,47.5195616642911,153.531117431641,0,0,1,3.865,3.46
5,16,5,16,11,0,43.6545609394986,153.531117431641,0,0,1,3.865,3.46
6,16,6,16,10,0,39.7895611683804,153.531117431641,0,0,1,3.865,3.46
7,16,7,16,9,0,35.9245613972622,153.531117431641,0,0,1,3.865,3.46
8,16,8,16,8,0,32.0595616261441,153.531117431641,0,0,1,3.865,3.46
9,16,9,16,7,0,28.1945618550259,153.531117431641,0,0,1,3.865,3.46
10,16,10,16,6,0,24.3295601765591,153.531117431641,0,0,1,3.865,3.46
11,16,11,16,5,0,20.4645623127896,153.531117431641,0,0,1,3.865,3.46
12,16,12,16,4,0,16.5995606343228,153.531117431641,0,0,1,3.865,3.46
13,16,13,16,3,0,12.7345627705533,153.531117431641,0,0,1,3.865,3.46
14,16,14,16,2,0,8.86956109208646,153.531117431641,0,0,1,3.865,3.46
15,16,15,16,1,0,5.00456322831693,153.531117431641,0,0,1,3.865,3.46
15,17,15,17,1,0,5.00179522911928,150.071118347168,0,0,1,3.865,3.46
14,17,14,17,2,0,8.86679309288881,150.071118347168,0,0,1,3.865,3.46
13,17,13,17,3,0,12.7317947713556,150.071118347168,0,0,1,3.865,3.46
12,17,12,17,4,0,16.5967926351251,150.071118347168,0,0,1,3.865,3.46
11,17,11,17,5,0,20.4617943135919,150.071118347168,0,0,1,3.865,3.46
10,17,10,17,6,0,24.3267921773615,150.071118347168,0,0,1,3.865,3.46
9,17,9,17,7,0,28.1917938558283,150.071118347168,0,0,1,3.865,3.46
8,17,8,17,8,0,32.0567936269464,150.071118347168,0,0,1,3.865,3.46
7,17,7,17,9,0,35.9217933980646,150.071118347168,0,0,1,3.865,3.46
6,17,6,17,10,0,39.7867931691828,150.071118347168,0,0,1,3.865,3.46
5,17,5,17,11,0,43.6517929403009,150.071118347168,0,0,1,3.865,3.46
4,17,4,17,12,0,47.5167936650934,150.071118347168,0,0,1,3.865,3.46
3,17,3,17,13,0,51.3817934362116,150.071118347168,0,0,1,3.865,3.46
2,17,2,17,14,0,55.2467936841669,150.071118347168,0,0,1,3.865,3.46
1,17,1,17,15,0,59.1117936937036,150.071118347168,0,0,1,3.865,3.46
0,17,0,17,16,0,62.9767937032404,150.071118347168,0,0,1,3.865,3.46
-1,17,-1,17,17,0,66.8417937127771,150.071118347168,0,0,1,3.865,3.46
-2,17,-2,17,18,0,70.7067937223139,150.071118347168,0,0,1,3.865,3.46
-3,17,-3,17,18,0,74.5717939702692,150.071118347168,0,0,1,3.865,3.46
-4,17,-4,17,19,0,78.4367937413873,150.071118347168,0,0,1,3.865,3.46
-5,17,-5,17,19,0,82.3017944661798,150.071118347168,0,0,1,3.865,3.46
-6,17,-6,17,19,0,86.166794237298,150.071118347168,0,0,1,3.865,3.46
-7,17,-7,17,19,0,90.0317940084162,150.071118347168,0,0,1,3.865,3.46
-8,17,-8,17,19,0,93.8967937795343,150.071118347168,0,0,1,3.865,3.46
-9,17,-9,17,19,0,97.7617935506525,150.071118347168,0,0,1,3.865,3.46
-10,17,-10,17,19,0,101.626795229119,150.071118347168,0,0,1,3.865,3.46
-11,17,-11,17,19,0,105.491793092889,150.071118347168,0,0,1,3.865,3.46
-12,17,-12,17,18,0,109.356794771356,150.071118347168,0,0,1,3.865,3.46
-13,17,-13,17,18,0,113.221792635125,150.071118347168,0,0,1,3.865,3.46
-14,17,-14,17,18,0,117.086794313592,150.071118347168,0,0,1,3.865,3.46
-15,17,-15,17,17,0,120.951792177361,150.071118347168,0,0,1,3.865,3.46
-16,17,-16,17,16,0,124.816793855828,150.071118347168,0,0,1,3.865,3.46
-17,17,-17,17,15,0,128.681795534295,150.071118347168,0,0,1,3.865,3.46
-18,17,-18,17,14,0,132.546793398065,150.071118347168,0,0,1,3.865,3.46
-19,17,-19,17,13,0,136.411791261834,150.071118347168,0,0,1,3.865,3.46
-20,17,-20,17,12,0,140.276796754998,150.071118347168,0,0,1,3.865,3.46
-21,17,-21,17,11,0,144.141794618768,150.071118347168,0,0,1,3.865,3.46
-22,17,-22,17,10,0,148.006792482537,150.071118347168,0,0,1,3.865,3.46
-23,17,-23,17,9,0,151.871790346307,150.071118347168,0,0,1,3.865,3.46
-24,17,-24,17,8,0,155.736795839471,150.071118347168,0,0,1,3.865,3.46
-25,17,-25,17,7,0,159.60179370324,150.071118347168,0,0,1,3.865,3.46
-26,17,-26,17,6,0,163.46679156701,150.071118347168,0,0,1,3.865,3.46
-27,17,-27,17,5,0,167.331797060174,150.071118347168,0,0,1,3.865,3.46
-28,17,-28,17,4,0,171.196794923944,150.071118347168,0,0,1,3.865,3.46
-29,17,-29,17,3,0,175.061792787713,150.071118347168,0,0,1,3.865,3.46
-30,17,-30,17,2,0,178.926790651483,150.071118347168,0,0,1,3.865,3.46
-31,17,-31,17,1,0,182.791796144647,150.071118347168,0,0,1,3.865,3.46
-31,18,-31,18,1,0,182.789028145449,146.611119262695,0,0,1,3.865,3.46
-30,18,-30,18,2,0,178.924022652285,146.611119262695,0,0,1,3.865,3.46
-29,18,-29,18,3,0,175.059024788515,146.611119262695,0,0,1,3.865,3.46
-28,18,-28,18,4,0,171.194026924746,146.611119262695,0,0,1,3.865,3.46
-27,18,-27,18,5,0,167.329029060976,146.611119262695,0,0,1,3.865,3.46
-26,18,-26,18,6,0,163.464023567812,146.611119262695,0,0,1,3.865,3.46
-25,18,-25,18,7,0,159.599025704043,146.611119262695,0,0,1,3.865,3.46
-24,18,-24,18,8,0,155.734027840273,146.611119262695,0,0,1,3.865,3.46
-23,18,-23,18,9,0,151.869022347109,146.611119262695,0,0,1,3.865,3.46
-22,18,-22,18,10,0,148.00402448334,146.611119262695,0,0,1,3.865,3.46
-21,18,-21,18,11,0,144.13902661957,146.611119262695,0,0,1,3.865,3.46
-20,18,-20,18,12,0,140.274028755801,146.611119262695,0,0,1,3.865,3.46
-19,18,-19,18,13,0,136.409023262636,146.611119262695,0,0,1,3.865,3.46
-18,18,-18,18,14,0,132.544025398867,146.611119262695,0,0,1,3.865,3.46
-17,18,-17,18,15,0,128.679027535097,146.611119262695,0,0,1,3.865,3.46
-16,18,-16,18,16,0,124.814025856631,146.611119262695,0,0,1,3.865,3.46
-15,18,-15,18,17,0,120.949024178164,146.611119262695,0,0,1,3.865,3.46
-14,18,-14,18,18,0,117.084026314394,146.611119262695,0,0,1,3.865,3.46
-13,18,-13,18,19,0,113.219024635927,146.611119262695,0,0,1,3.865,3.46
-12,18,-12,18,19,0,109.354026772158,146.611119262695,0,0,1,3.865,3.46
-11,18,-11,18,20,0,105.489025093691,146.611119262695,0,0,1,3.865,3.46
-10,18,-10,18,20,0,101.624027229922,146.611119262695,0,0,1,3.865,3.46
-9,18,-9,18,20,0,97.7590255514548,146.611119262695,0,0,1,3.865,3.46
-8,18,-8,18,20,0,93.8940257803367,146.611119262695,0,0,1,3.865,3.46
-7,18,-7,18,20,0,90.0290260092185,146.611119262695,0,0,1,3.865,3.46
-6,18,-6,18,20,0,86.1640262381003,146.611119262695,0,0,1,3.865,3.46
-5,18,-5,18,20,0,82.2990264669822,146.611119262695,0,0,1,3.865,3.46
-4,18,-4,18,20,0,78.4340257421897,146.611119262695,0,0,1,3.865,3.46
-3,18,-3,18,19,0,74.5690259710715,146.611119262695,0,0,1,3.865,3.46
-2,18,-2,18,19,0,70.7040257231162,146.611119262695,0,0,1,3.865,3.46
-1,18,-1,18,18,0,66.8390257135795,146.611119262695,0,0,1,3.865,3.46
0,18,0,18,17,0,62.9740257040427,146.611119262695,0,0,1,3.865,3.46
1,18,1,18,16,0,59.109025694506,146.611119262695,0,0,1,3.865,3.46
2,18,2,18,15,0,55.2440256849692,146.611119262695,0,0,1,3.865,3.46
3,18,3,18,14,0,51.3790254370139,146.611119262695,0,0,1,3.865,3.46
4,18,4,18,13,0,47.5140256658958,146.611119262695,0,0,1,3.865,3.46
5,18,5,18,12,0,43.6490249411033,146.611119262695,0,0,1,3.865,3.46
6,18,6,18,11,0,39.7840251699851,146.611119262695,0,0,1,3.865,3.46
7,18,7,18,10,0,35.9190253988669,146.611119262695,0,0,1,3.865,3.46
8,18,8,18,9,0,32.0540256277488,146.611119262695,0,0,1,3.865,3.46
9,18,9,18,8,0,28.1890258566306,146.611119262695,0,0,1,3.865,3.46
10,18,10,18,7,0,24.3240241781638,146.611119262695,0,0,1,3.865,3.46
11,18,11,18,6,0,20.4590263143943,146.611119262695,0,0,1,3.865,3.46
12,18,12,18,5,0,16.5940246359275,146.611119262695,0,0,1,3.865,3.46
13,18,13,18,4,0,12.729026772158,146.611119262695,0,0,1,3.865,3.46
14,18,14,18,3,0,8.86402509369116,146.611119262695,0,0,1,3.865,3.46
15,18,15,18,2,0,4.99902722992163,146.611119262695,0,0,1,3.865,3.46
16,18,16,18,1,0,1.13402555145483,146.611119262695,0,0,1,3.865,3.46
16,19,16,19,1,0,1.13125755225718,143.151120178223,0,0,1,3.865,3.46
15,19,15,19,2,0,4.99625923072398,143.151120178223,0,0,1,3.865,3.46
14,19,14,19,3,0,8.86125709449351,143.151120178223,0,0,1,3.865,3.46
13,19,13,19,4,0,12.7262587729603,143.151120178223,0,0,1,3.865,3.46
12,19,12,19,5,0,16.5912566367298,143.151120178223,0,0,1,3.865,3.46
11,19,11,19,6,0,20.4562583151966,143.151120178223,0,0,1,3.865,3.46
10,19,10,19,7,0,24.3212561789662,143.151120178223,0,0,1,3.865,3.46
9,19,9,19,8,0,28.186257857433,143.151120178223,0,0,1,3.865,3.46
8,19,8,19,9,0,32.0512576285511,143.151120178223,0,0,1,3.865,3.46
7,19,7,19,10,0,35.9162573996693,143.151120178223,0,0,1,3.865,3.46
6,19,6,19,11,0,39.7812571707875,143.151120178223,0,0,1,3.865,3.46
5,19,5,19,12,0,43.6462569419056,143.151120178223,0,0,1,3.865,3.46
4,19,4,19,13,0,47.5112576666981,143.151120178223,0,0,1,3.865,3.46
3,19,3,19,14,0,51.3762574378163,143.151120178223,0,0,1,3.865,3.46
2,19,2,19,15,0,55.2412576857716,143.151120178223,0,0,1,3.865,3.46
1,19,1,19,16,0,59.1062576953083,143.151120178223,0,0,1,3.865,3.46
0,19,0,19,17,0,62.9712577048451,143.151120178223,0,0,1,3.865,3.46
-1,19,-1,19,18,0,66.8362577143818,143.151120178223,0,0,1,3.865,3.46
-2,19,-2,19,19,0,70.7012577239186,143.151120178223,0,0,1,3.865,3.46
-3,19,-3,19,20,0,74.5662579718739,143.151120178223,0,0,1,3.865,3.46
-4,19,-4,19,21,0,78.431257742992,143.151120178223,0,0,1,3.865,3.46
-5,19,-5,19,21,0,82.2962584677845,143.151120178223,0,0,1,3.865,3.46
-6,19,-6,19,21,0,86.1612582389027,143.151120178223,0,0,1,3.865,3.46
-7,19,-7,19,21,0,90.0262580100209,143.151120178223,0,0,1,3.865,3.46
-8,19,-8,19,21,0,93.891257781139,143.151120178223,0,0,1,3.865,3.46
-9,19,-9,19,21,0,97.7562575522572,143.151120178223,0,0,1,3.865,3.46
-10,19,-10,19,21,0,101.621259230724,143.151120178223,0,0,1,3.865,3.46
-11,19,-11,19,21,0,105.486257094494,143.151120178223,0,0,1,3.865,3.46
-12,19,-12,19,20,0,109.35125877296,143.151120178223,0,0,1,3.865,3.46
-13,19,-13,19,19,0,113.21625663673,143.151120178223,0,0,1,3.865,3.46
-14,19,-14,19,18,0,117.081258315197,143.151120178223,0,0,1,3.865,3.46
-15,19,-15,19,17,0,120.946256178966,143.151120178223,0,0,1,3.865,3.46
-16,19,-16,19,16,0,124.811257857433,143.151120178223,0,0,1,3.865,3.46
-17,19,-17,19,15,0,128.6762595359,143.151120178223,0,0,1,3.865,3.46
-18,19,-18,19,14,0,132.541257399669,143.151120178223,0,0,1,3.865,3.46
-19,19,-19,19,13,0,136.406255263439,143.151120178223,0,0,1,3.865,3.46
-20,19,-20,19,12,0,140.271260756603,143.151120178223,0,0,1,3.865,3.46
-21,19,-21,19,11,0,144.136258620372,143.151120178223,0,0,1,3.865,3.46
-22,19,-22,19,10,0,148.001256484142,143.151120178223,0,0,1,3.865,3.46
-23,19,-23,19,9,0,151.866254347911,143.151120178223,0,0,1,3.865,3.46
-24,19,-24,19,8,0,155.731259841076,143.151120178223,0,0,1,3.865,3.46
-25,19,-25,19,7,0,159.596257704845,143.151120178223,0,0,1,3.865,3.46
-26,19,-26,19,6,0,163.461255568615,143.151120178223,0,0,1,3.865,3.46
-27,19,-27,19,5,0,167.326261061779,143.151120178223,0,0,1,3.865,3.46
-28,19,-28,19,4,0,171.191258925548,143.151120178223,0,0,1,3.865,3.46
-29,19,-29,19,3,0,175.056256789318,143.151120178223,0,0,1,3.865,3.46
-30,19,-30,19,2,0,178.921254653087,143.151120178223,0,0,1,3.865,3.46
-31,19,-31,19,1,0,182.786260146251,143.151120178223,0,0,1,3.865,3.46
-32,20,-32,20,1,0,186.648490010823,139.69112109375,0,0,1,3.865,3.46
-31,20,-31,20,2,0,182.783492147054,139.69112109375,0,0,1,3.865,3.46
-30,20,-30,20,3,0,178.91848665389,139.69112109375,0,0,1,3.865,3.46
-29,20,-29,20,4,0,175.05348879012,139.69112109375,0,0,1,3.865,3.46
-28,20,-28,20,5,0,171.188490926351,139.69112109375,0,0,1,3.865,3.46
-27,20,-27,20,6,0,167.323493062581,139.69112109375,0,0,1,3.865,3.46
-26,20,-26,20,7,0,163.458487569417,139.69112109375,0,0,1,3.865,3.46
-25,20,-25,20,8,0,159.593489705647,139.69112109375,0,0,1,3.865,3.46
-24,20,-24,20,9,0,155.728491841878,139.69112109375,0,0,1,3.865,3.46
-23,20,-23,20,10,0,151.863486348714,139.69112109375,0,0,1,3.865,3.46
-22,20,-22,20,11,0,147.998488484944,139.69112109375,0,0,1,3.865,3.46
-21,20,-21,20,12,0,144.133490621175,139.69112109375,0,0,1,3.865,3.46
-20,20,-20,20,13,0,140.268492757405,139.69112109375,0,0,1,3.865,3.46
-19,20,-19,20,14,0,136.403487264241,139.69112109375,0,0,1,3.865,3.46
-18,20,-18,20,15,0,132.538489400472,139.69112109375,0,0,1,3.865,3.46
-17,20,-17,20,16,0,128.673491536702,139.69112109375,0,0,1,3.865,3.46
-16,20,-16,20,17,0,124.808489858235,139.69112109375,0,0,1,3.865,3.46
-15,20,-15,20,18,0,120.943488179769,139.69112109375,0,0,1,3.865,3.46
-14,20,-14,20,19,0,117.078490315999,139.69112109375,0,0,1,3.865,3.46
-13,20,-13,20,20,0,113.213488637532,139.69112109375,0,0,1,3.865,3.46
-12,20,-12,20,21,0,109.348490773763,139.69112109375,0,0,1,3.865,3.46
-11,20,-11,20,22,0,105.483489095296,139.69112109375,0,0,1,3.865,3.46
-10,20,-10,20,22,0,101.618491231526,139.69112109375,0,0,1,3.865,3.46
-9,20,-9,20,22,0,97.7534895530595,139.69112109375,0,0,1,3.865,3.46
-8,20,-8,20,22,0,93.8884897819414,139.69112109375,0,0,1,3.865,3.46
-7,20,-7,20,22,0,90.0234900108232,139.69112109375,0,0,1,3.865,3.46
-6,20,-6,20,22,0,86.158490239705,139.69112109375,0,0,1,3.865,3.46
-5,20,-5,20,22,0,82.2934904685869,139.69112109375,0,0,1,3.865,3.46
-4,20,-4,20,22,0,78.4284897437944,139.69112109375,0,0,1,3.865,3.46
-3,20,-3,20,21,0,74.5634899726762,139.69112109375,0,0,1,3.865,3.46
-2,20,-2,20,20,0,70.6984897247209,139.69112109375,0,0,1,3.865,3.46
-1,20,-1,20,19,0,66.8334897151842,139.69112109375,0,0,1,3.865,3.46
0,20,0,20,18,0,62.9684897056474,139.69112109375,0,0,1,3.865,3.46
1,20,1,20,17,0,59.1034896961107,139.69112109375,0,0,1,3.865,3.46
2,20,2,20,16,0,55.2384896865739,139.69112109375,0,0,1,3.865,3.46
3,20,3,20,15,0,51.3734894386186,139.69112109375,0,0,1,3.865,3.46
4,20,4,20,14,0,47.5084896675004,139.69112109375,0,0,1,3.865,3.46
5,20,5,20,13,0,43.643488942708,139.69112109375,0,0,1,3.865,3.46
6,20,6,20,12,0,39.7784891715898,139.69112109375,0,0,1,3.865,3.46
7,20,7,20,11,0,35.9134894004716,139.69112109375,0,0,1,3.865,3.46
8,20,8,20,10,0,32.0484896293535,139.69112109375,0,0,1,3.865,3.46
9,20,9,20,9,0,28.1834898582353,139.69112109375,0,0,1,3.865,3.46
10,20,10,20,8,0,24.3184881797685,139.69112109375,0,0,1,3.865,3.46
11,20,11,20,7,0,20.453490315999,139.69112109375,0,0,1,3.865,3.46
12,20,12,20,6,0,16.5884886375322,139.69112109375,0,0,1,3.865,3.46
13,20,13,20,5,0,12.7234907737627,139.69112109375,0,0,1,3.865,3.46
14,20,14,20,4,0,8.85848909529586,139.69112109375,0,0,1,3.865,3.46
15,20,15,20,3,0,4.99349123152632,139.69112109375,0,0,1,3.865,3.46
16,20,16,20,2,0,1.12848955305953,139.69112109375,0,0,1,3.865,3.46
17,20,17,20,1,0,-2.73651212540727,139.69112109375,0,0,1,3.865,3.46
17,21,17,21,1,0,-2.73928013070844,136.231114379883,0,0,1,3.865,3.46
16,21,16,21,2,0,1.12572154775836,136.231114379883,0,0,1,3.865,3.46
15,21,15,21,3,0,4.99072322622516,136.231114379883,0,0,1,3.865,3.46
14,21,14,21,4,0,8.85572108999469,136.231114379883,0,0,1,3.865,3.46
13,21,13,21,5,0,12.7207227684615,136.231114379883,0,0,1,3.865,3.46
12,21,12,21,6,0,16.585720632231,136.231114379883,0,0,1,3.865,3.46
11,21,11,21,7,0,20.4507223106978,136.231114379883,0,0,1,3.865,3.46
10,21,10,21,8,0,24.3157201744673,136.231114379883,0,0,1,3.865,3.46
9,21,9,21,9,0,28.1807218529341,136.231114379883,0,0,1,3.865,3.46
8,21,8,21,10,0,32.0457216240523,136.231114379883,0,0,1,3.865,3.46
7,21,7,21,11,0,35.9107213951705,136.231114379883,0,0,1,3.865,3.46
6,21,6,21,12,0,39.7757211662886,136.231114379883,0,0,1,3.865,3.46
5,21,5,21,13,0,43.6407209374068,136.231114379883,0,0,1,3.865,3.46
4,21,4,21,14,0,47.5057216621993,136.231114379883,0,0,1,3.865,3.46
3,21,3,21,15,0,51.3707214333174,136.231114379883,0,0,1,3.865,3.46
2,21,2,21,16,0,55.2357216812728,136.231114379883,0,0,1,3.865,3.46
1,21,1,21,17,0,59.1007216908095,136.231114379883,0,0,1,3.865,3.46
0,21,0,21,18,0,62.9657217003463,136.231114379883,0,0,1,3.865,3.46
-1,21,-1,21,19,0,66.830721709883,136.231114379883,0,0,1,3.865,3.46
-2,21,-2,21,20,0,70.6957217194197,136.231114379883,0,0,1,3.865,3.46
-3,21,-3,21,21,0,74.5607219673751,136.231114379883,0,0,1,3.865,3.46
-4,21,-4,21,22,0,78.4257217384932,136.231114379883,0,0,1,3.865,3.46
-5,21,-5,21,23,0,82.2907224632857,136.231114379883,0,0,1,3.865,3.46
-6,21,-6,21,23,0,86.1557222344039,136.231114379883,0,0,1,3.865,3.46
-7,21,-7,21,23,0,90.020722005522,136.231114379883,0,0,1,3.865,3.46
-8,21,-8,21,23,0,93.8857217766402,136.231114379883,0,0,1,3.865,3.46
-9,21,-9,21,23,0,97.7507215477584,136.231114379883,0,0,1,3.865,3.46
-10,21,-10,21,23,0,101.615723226225,136.231114379883,0,0,1,3.865,3.46
-11,21,-11,21,22,0,105.480721089995,136.231114379883,0,0,1,3.865,3.46
-12,21,-12,21,21,0,109.345722768461,136.231114379883,0,0,1,3.865,3.46
-13,21,-13,21,20,0,113.210720632231,136.231114379883,0,0,1,3.865,3.46
-14,21,-14,21,19,0,117.075722310698,136.231114379883,0,0,1,3.865,3.46
-15,21,-15,21,18,0,120.940720174467,136.231114379883,0,0,1,3.865,3.46
-16,21,-16,21,17,0,124.805721852934,136.231114379883,0,0,1,3.865,3.46
-17,21,-17,21,16,0,128.670723531401,136.231114379883,0,0,1,3.865,3.46
-18,21,-18,21,15,0,132.53572139517,136.231114379883,0,0,1,3.865,3.46
-19,21,-19,21,14,0,136.40071925894,136.231114379883,0,0,1,3.865,3.46
-20,21,-20,21,13,0,140.265724752104,136.231114379883,0,0,1,3.865,3.46
-21,21,-21,21,12,0,144.130722615874,136.231114379883,0,0,1,3.865,3.46
-22,21,-22,21,11,0,147.995720479643,136.231114379883,0,0,1,3.865,3.46
-23,21,-23,21,10,0,151.860718343413,136.231114379883,0,0,1,3.865,3.46
-24,21,-24,21,9,0,155.725723836577,136.231114379883,0,0,1,3.865,3.46
-25,21,-25,21,8,0,159.590721700346,136.231114379883,0,0,1,3.865,3.46
-26,21,-26,21,7,0,163.455719564116,136.231114379883,0,0,1,3.865,3.46
-27,21,-27,21,6,0,167.32072505728,136.231114379883,0,0,1,3.865,3.46
-28,21,-28,21,5,0,171.185722921049,136.231114379883,0,0,1,3.865,3.46
-29,21,-29,21,4,0,175.050720784819,136.231114379883,0,0,1,3.865,3.46
-30,21,-30,21,3,0,178.915718648588,136.231114379883,0,0,1,3.865,3.46
-31,21,-31,21,2,0,182.780724141753,136.231114379883,0,0,1,3.865,3.46
-32,21,-32,21,1,0,186.645722005522,136.231114379883,0,0,1,3.865,3.46
-32,22,-32,22,1,0,186.642954006324,132.77111529541,0,0,1,3.865,3.46
-31,22,-31,22,2,0,182.777956142555,132.77111529541,0,0,1,3.865,3.46
-30,22,-30,22,3,0,178.912950649391,132.77111529541,0,0,1,3.865,3.46
-29,22,-29,22,4,0,175.047952785621,132.77111529541,0,0,1,3.865,3.46
-28,22,-28,22,5,0,171.182954921852,132.77111529541,0,0,1,3.865,3.46
-27,22,-27,22,6,0,167.317957058082,132.77111529541,0,0,1,3.865,3.46
-26,22,-26,22,7,0,163.452951564918,132.77111529541,0,0,1,3.865,3.46
-25,22,-25,22,8,0,159.587953701149,132.77111529541,0,0,1,3.865,3.46
-24,22,-24,22,9,0,155.722955837379,132.77111529541,0,0,1,3.865,3.46
-23,22,-23,22,10,0,151.857950344215,132.77111529541,0,0,1,3.865,3.46
-22,22,-22,22,11,0,147.992952480445,132.77111529541,0,0,1,3.865,3.46
-21,22,-21,22,12,0,144.127954616676,132.77111529541,0,0,1,3.865,3.46
-20,22,-20,22,13,0,140.262956752906,132.77111529541,0,0,1,3.865,3.46
-19,22,-19,22,14,0,136.397951259742,132.77111529541,0,0,1,3.865,3.46
-18,22,-18,22,15,0,132.532953395973,132.77111529541,0,0,1,3.865,3.46
-17,22,-17,22,16,0,128.667955532203,132.77111529541,0,0,1,3.865,3.46
-16,22,-16,22,17,0,124.802953853736,132.77111529541,0,0,1,3.865,3.46
-15,22,-15,22,18,0,120.93795217527,132.77111529541,0,0,1,3.865,3.46
-14,22,-14,22,19,0,117.0729543115,132.77111529541,0,0,1,3.865,3.46
-13,22,-13,22,20,0,113.207952633033,132.77111529541,0,0,1,3.865,3.46
-12,22,-12,22,21,0,109.342954769264,132.77111529541,0,0,1,3.865,3.46
-11,22,-11,22,22,0,105.477953090797,132.77111529541,0,0,1,3.865,3.46
-10,22,-10,22,23,0,101.612955227028,132.77111529541,0,0,1,3.865,3.46
-9,22,-9,22,24,0,97.7479535485607,132.77111529541,0,0,1,3.865,3.46
-8,22,-8,22,24,0,93.8829537774426,132.77111529541,0,0,1,3.865,3.46
-7,22,-7,22,24,0,90.0179540063244,132.77111529541,0,0,1,3.865,3.46
-6,22,-6,22,24,0,86.1529542352062,132.77111529541,0,0,1,3.865,3.46
-5,22,-5,22,23,0,82.2879544640881,132.77111529541,0,0,1,3.865,3.46
-4,22,-4,22,22,0,78.4229537392956,132.77111529541,0,0,1,3.865,3.46
-3,22,-3,22,21,0,74.5579539681774,132.77111529541,0,0,1,3.865,3.46
-2,22,-2,22,20,0,70.6929537202221,132.77111529541,0,0,1,3.865,3.46
-1,22,-1,22,19,0,66.8279537106853,132.77111529541,0,0,1,3.865,3.46
0,22,0,22,18,0,62.9629537011486,132.77111529541,0,0,1,3.865,3.46
1,22,1,22,17,0,59.0979536916119,132.77111529541,0,0,1,3.865,3.46
2,22,2,22,16,0,55.2329536820751,132.77111529541,0,0,1,3.865,3.46
3,22,3,22,15,0,51.3679534341198,132.77111529541,0,0,1,3.865,3.46
4,22,4,22,14,0,47.5029536630016,132.77111529541,0,0,1,3.865,3.46
5,22,5,22,13,0,43.6379529382091,132.77111529541,0,0,1,3.865,3.46
6,22,6,22,12,0,39.772953167091,132.77111529541,0,0,1,3.865,3.46
7,22,7,22,11,0,35.9079533959728,132.77111529541,0,0,1,3.865,3.46
8,22,8,22,10,0,32.0429536248546,132.77111529541,0,0,1,3.865,3.46
9,22,9,22,9,0,28.1779538537365,132.77111529541,0,0,1,3.865,3.46
10,22,10,22,8,0,24.3129521752697,132.77111529541,0,0,1,3.865,3.46
11,22,11,22,7,0,20.4479543115002,132.77111529541,0,0,1,3.865,3.46
12,22,12,22,6,0,16.5829526330334,132.77111529541,0,0,1,3.865,3.46
13,22,13,22,5,0,12.7179547692638,132.77111529541,0,0,1,3.865,3.46
14,22,14,22,4,0,8.85295309079703,132.77111529541,0,0,1,3.865,3.46
15,22,15,22,3,0,4.9879552270275,132.77111529541,0,0,1,3.865,3.46
16,22,16,22,2,0,1.12295354856071,132.77111529541,0,0,1,3.865,3.46
17,22,17,22,1,0,-2.74204812990609,132.77111529541,0,0,1,3.865,3.46
17,23,17,23,1,0,-2.74481612910374,129.311116210937,0,0,1,3.865,3.46
16,23,16,23,2,0,1.12018554936305,129.311116210937,0,0,1,3.865,3.46
15,23,15,23,3,0,4.98518722782985,129.311116210937,0,0,1,3.865,3.46
14,23,14,23,4,0,8.85018509159938,129.311116210937,0,0,1,3.865,3.46
13,23,13,23,5,0,12.7151867700662,129.311116210937,0,0,1,3.865,3.46
12,23,12,23,6,0,16.5801846338357,129.311116210937,0,0,1,3.865,3.46
11,23,11,23,7,0,20.4451863123025,129.311116210937,0,0,1,3.865,3.46
10,23,10,23,8,0,24.310184176072,129.311116210937,0,0,1,3.865,3.46
9,23,9,23,9,0,28.1751858545388,129.311116210937,0,0,1,3.865,3.46
8,23,8,23,10,0,32.040185625657,129.311116210937,0,0,1,3.865,3.46
7,23,7,23,11,0,35.9051853967752,129.311116210937,0,0,1,3.865,3.46
6,23,6,23,12,0,39.7701851678933,129.311116210937,0,0,1,3.865,3.46
5,23,5,23,13,0,43.6351849390115,129.311116210937,0,0,1,3.865,3.46
4,23,4,23,14,0,47.500185663804,129.311116210937,0,0,1,3.865,3.46
3,23,3,23,15,0,51.3651854349221,129.311116210937,0,0,1,3.865,3.46
2,23,2,23,16,0,55.2301856828775,129.311116210937,0,0,1,3.865,3.46
1,23,1,23,17,0,59.0951856924142,129.311116210937,0,0,1,3.865,3.46
0,23,0,23,18,0,62.9601857019509,129.311116210937,0,0,1,3.865,3.46
-1,23,-1,23,19,0,66.8251857114877,129.311116210937,0,0,1,3.865,3.46
-2,23,-2,23,20,0,70.6901857210244,129.311116210937,0,0,1,3.865,3.46
-3,23,-3,23,21,0,74.5551859689797,129.311116210937,0,0,1,3.865,3.46
-4,23,-4,23,22,0,78.4201857400979,129.311116210937,0,0,1,3.865,3.46
-5,23,-5,23,23,0,82.2851864648904,129.311116210937,0,0,1,3.865,3.46
-6,23,-6,23,24,0,86.1501862360086,129.311116210937,0,0,1,3.865,3.46
-7,23,-7,23,25,0,90.0151860071267,129.311116210937,0,0,1,3.865,3.46
-8,23,-8,23,25,0,93.8801857782449,129.311116210937,0,0,1,3.865,3.46
-9,23,-9,23,24,0,97.7451855493631,129.311116210937,0,0,1,3.865,3.46
-10,23,-10,23,23,0,101.61018722783,129.311116210937,0,0,1,3.865,3.46
-11,23,-11,23,22,0,105.475185091599,129.311116210937,0,0,1,3.865,3.46
-12,23,-12,23,21,0,109.340186770066,129.311116210937,0,0,1,3.865,3.46
-13,23,-13,23,20,0,113.205184633836,129.311116210937,0,0,1,3.865,3.46
-14,23,-14,23,19,0,117.070186312303,129.311116210937,0,0,1,3.865,3.46
-15,23,-15,23,18,0,120.935184176072,129.311116210937,0,0,1,3.865,3.46
-16,23,-16,23,17,0,124.800185854539,129.311116210937,0,0,1,3.865,3.46
-17,23,-17,23,16,0,128.665187533006,129.311116210937,0,0,1,3.865,3.46
-18,23,-18,23,15,0,132.530185396775,129.311116210937,0,0,1,3.865,3.46
-19,23,-19,23,14,0,136.395183260545,129.311116210937,0,0,1,3.865,3.46
-20,23,-20,23,13,0,140.260188753709,129.311116210937,0,0,1,3.865,3.46
-21,23,-21,23,12,0,144.125186617478,129.311116210937,0,0,1,3.865,3.46
-22,23,-22,23,11,0,147.990184481248,129.311116210937,0,0,1,3.865,3.46
-23,23,-23,23,10,0,151.855182345017,129.311116210937,0,0,1,3.865,3.46
-24,23,-24,23,9,0,155.720187838181,129.311116210937,0,0,1,3.865,3.46
-25,23,-25,23,8,0,159.585185701951,129.311116210937,0,0,1,3.865,3.46
-26,23,-26,23,7,0,163.45018356572,129.311116210937,0,0,1,3.865,3.46
-27,23,-27,23,6,0,167.315189058885,129.311116210937,0,0,1,3.865,3.46
-28,23,-28,23,5,0,171.180186922654,129.311116210937,0,0,1,3.865,3.46
-29,23,-29,23,4,0,175.045184786424,129.311116210937,0,0,1,3.865,3.46
-30,23,-30,23,3,0,178.910182650193,129.311116210937,0,0,1,3.865,3.46
-31,23,-31,23,2,0,182.775188143357,129.311116210937,0,0,1,3.865,3.46
-32,23,-32,23,1,0,186.640186007127,129.311116210937,0,0,1,3.865,3.46
-32,24,-32,24,1,0,186.637418007929,125.851117126465,0,0,1,3.865,3.46
-31,24,-31,24,2,0,182.77242014416,125.851117126465,0,0,1,3.865,3.46
-30,24,-30,24,3,0,178.907414650995,125.851117126465,0,0,1,3.865,3.46
-29,24,-29,24,4,0,175.042416787226,125.851117126465,0,0,1,3.865,3.46
-28,24,-28,24,5,0,171.177418923456,125.851117126465,0,0,1,3.865,3.46
-27,24,-27,24,6,0,167.312421059687,125.851117126465,0,0,1,3.865,3.46
-26,24,-26,24,7,0,163.447415566523,125.851117126465,0,0,1,3.865,3.46
-25,24,-25,24,8,0,159.582417702753,125.851117126465,0,0,1,3.865,3.46
-24,24,-24,24,9,0,155.717419838984,125.851117126465,0,0,1,3.865,3.46
-23,24,-23,24,10,0,151.85241434582,125.851117126465,0,0,1,3.865,3.46
-22,24,-22,24,11,0,147.98741648205,125.851117126465,0,0,1,3.865,3.46
-21,24,-21,24,12,0,144.122418618281,125.851117126465,0,0,1,3.865,3.46
-20,24,-20,24,13,0,140.257420754511,125.851117126465,0,0,1,3.865,3.46
-19,24,-19,24,14,0,136.392415261347,125.851117126465,0,0,1,3.865,3.46
-18,24,-18,24,15,0,132.527417397578,125.851117126465,0,0,1,3.865,3.46
-17,24,-17,24,16,0,128.662419533808,125.851117126465,0,0,1,3.865,3.46
-16,24,-16,24,17,0,124.797417855341,125.851117126465,0,0,1,3.865,3.46
-15,24,-15,24,18,0,120.932416176874,125.851117126465,0,0,1,3.865,3.46
-14,24,-14,24,19,0,117.067418313105,125.851117126465,0,0,1,3.865,3.46
-13,24,-13,24,20,0,113.202416634638,125.851117126465,0,0,1,3.865,3.46
-12,24,-12,24,21,0,109.337418770869,125.851117126465,0,0,1,3.865,3.46
-11,24,-11,24,22,0,105.472417092402,125.851117126465,0,0,1,3.865,3.46
-10,24,-10,24,23,0,101.607419228632,125.851117126465,0,0,1,3.865,3.46
-9,24,-9,24,24,0,97.7424175501654,125.851117126465,0,0,1,3.865,3.46
-8,24,-8,24,25,0,93.8774177790472,125.851117126465,0,0,1,3.865,3.46
-7,24,-7,24,25,0,90.0124180079291,125.851117126465,0,0,1,3.865,3.46
-6,24,-6,24,24,0,86.1474182368109,125.851117126465,0,0,1,3.865,3.46
-5,24,-5,24,23,0,82.2824184656928,125.851117126465,0,0,1,3.865,3.46
-4,24,-4,24,22,0,78.4174177409003,125.851117126465,0,0,1,3.865,3.46
-3,24,-3,24,21,0,74.5524179697821,125.851117126465,0,0,1,3.865,3.46
-2,24,-2,24,20,0,70.6874177218268,125.851117126465,0,0,1,3.865,3.46
-1,24,-1,24,19,0,66.82241771229,125.851117126465,0,0,1,3.865,3.46
0,24,0,24,18,0,62.9574177027533,125.851117126465,0,0,1,3.865,3.46
1,24,1,24,17,0,59.0924176932165,125.851117126465,0,0,1,3.865,3.46
2,24,2,24,16,0,55.2274176836798,125.851117126465,0,0,1,3.865,3.46
3,24,3,24,15,0,51.3624174357245,125.851117126465,0,0,1,3.865,3.46
4,24,4,24,14,0,47.4974176646063,125.851117126465,0,0,1,3.865,3.46
5,24,5,24,13,0,43.6324169398138,125.851117126465,0,0,1,3.865,3.46
6,24,6,24,12,0,39.7674171686957,125.851117126465,0,0,1,3.865,3.46
7,24,7,24,11,0,35.9024173975775,125.851117126465,0,0,1,3.865,3.46
8,24,8,24,10,0,32.0374176264593,125.851117126465,0,0,1,3.865,3.46
9,24,9,24,9,0,28.1724178553412,125.851117126465,0,0,1,3.865,3.46
10,24,10,24,8,0,24.3074161768744,125.851117126465,0,0,1,3.865,3.46
11,24,11,24,7,0,20.4424183131049,125.851117126465,0,0,1,3.865,3.46
12,24,12,24,6,0,16.5774166346381,125.851117126465,0,0,1,3.865,3.46
13,24,13,24,5,0,12.7124187708685,125.851117126465,0,0,1,3.865,3.46
14,24,14,24,4,0,8.84741709240173,125.851117126465,0,0,1,3.865,3.46
15,24,15,24,3,0,4.9824192286322,125.851117126465,0,0,1,3.865,3.46
16,24,16,24,2,0,1.1174175501654,125.851117126465,0,0,1,3.865,3.46
17,24,17,24,1,0,-2.7475841283014,125.851117126465,0,0,1,3.865,3.46
17,25,17,25,1,0,-2.75035212749905,122.391118041992,0,0,1,3.865,3.46
16,25,16,25,2,0,1.11464955096775,122.391118041992,0,0,1,3.865,3.46
15,25,15,25,3,0,4.97965122943454,122.391118041992,0,0,1,3.865,3.46
14,25,14,25,4,0,8.84464909320408,122.391118041992,0,0,1,3.865,3.46
13,25,13,25,5,0,12.7096507716709,122.391118041992,0,0,1,3.865,3.46
12,25,12,25,6,0,16.5746486354404,122.391118041992,0,0,1,3.865,3.46
11,25,11,25,7,0,20.4396503139072,122.391118041992,0,0,1,3.865,3.46
10,25,10,25,8,0,24.3046481776767,122.391118041992,0,0,1,3.865,3.46
9,25,9,25,9,0,28.1696498561435,122.391118041992,0,0,1,3.865,3.46
8,25,8,25,10,0,32.0346496272617,122.391118041992,0,0,1,3.865,3.46
7,25,7,25,11,0,35.8996493983799,122.391118041992,0,0,1,3.865,3.46
6,25,6,25,12,0,39.764649169498,122.391118041992,0,0,1,3.865,3.46
5,25,5,25,13,0,43.6296489406162,122.391118041992,0,0,1,3.865,3.46
4,25,4,25,14,0,47.4946496654087,122.391118041992,0,0,1,3.865,3.46
3,25,3,25,15,0,51.3596494365268,122.391118041992,0,0,1,3.865,3.46
2,25,2,25,16,0,55.2246496844822,122.391118041992,0,0,1,3.865,3.46
1,25,1,25,17,0,59.0896496940189,122.391118041992,0,0,1,3.865,3.46
0,25,0,25,18,0,62.9546497035556,122.391118041992,0,0,1,3.865,3.46
-1,25,-1,25,19,0,66.8196497130924,122.391118041992,0,0,1,3.865,3.46
-2,25,-2,25,20,0,70.6846497226291,122.391118041992,0,0,1,3.865,3.46
-3,25,-3,25,21,0,74.5496499705845,122.391118041992,0,0,1,3.865,3.46
-4,25,-4,25,22,0,78.4146497417026,122.391118041992,0,0,1,3.865,3.46
-5,25,-5,25,23,0,82.2796504664951,122.391118041992,0,0,1,3.865,3.46
-6,25,-6,25,24,0,86.1446502376133,122.391118041992,0,0,1,3.865,3.46
-7,25,-7,25,25,0,90.0096500087314,122.391118041992,0,0,1,3.865,3.46
-8,25,-8,25,25,0,93.8746497798496,122.391118041992,0,0,1,3.865,3.46
-9,25,-9,25,24,0,97.7396495509678,122.391118041992,0,0,1,3.865,3.46
-10,25,-10,25,23,0,101.604651229435,122.391118041992,0,0,1,3.865,3.46
-11,25,-11,25,22,0,105.469649093204,122.391118041992,0,0,1,3.865,3.46
-12,25,-12,25,21,0,109.334650771671,122.391118041992,0,0,1,3.865,3.46
-13,25,-13,25,20,0,113.19964863544,122.391118041992,0,0,1,3.865,3.46
-14,25,-14,25,19,0,117.064650313907,122.391118041992,0,0,1,3.865,3.46
-15,25,-15,25,18,0,120.929648177677,122.391118041992,0,0,1,3.865,3.46
-16,25,-16,25,17,0,124.794649856144,122.391118041992,0,0,1,3.865,3.46
-17,25,-17,25,16,0,128.65965153461,122.391118041992,0,0,1,3.865,3.46
-18,25,-18,25,15,0,132.52464939838,122.391118041992,0,0,1,3.865,3.46
-19,25,-19,25,14,0,136.389647262149,122.391118041992,0,0,1,3.865,3.46
-20,25,-20,25,13,0,140.254652755313,122.391118041992,0,0,1,3.865,3.46
-21,25,-21,25,12,0,144.119650619083,122.391118041992,0,0,1,3.865,3.46
-22,25,-22,25,11,0,147.984648482853,122.391118041992,0,0,1,3.865,3.46
-23,25,-23,25,10,0,151.849646346622,122.391118041992,0,0,1,3.865,3.46
-24,25,-24,25,9,0,155.714651839786,122.391118041992,0,0,1,3.865,3.46
-25,25,-25,25,8,0,159.579649703556,122.391118041992,0,0,1,3.865,3.46
-26,25,-26,25,7,0,163.444647567325,122.391118041992,0,0,1,3.865,3.46
-27,25,-27,25,6,0,167.309653060489,122.391118041992,0,0,1,3.865,3.46
-28,25,-28,25,5,0,171.174650924259,122.391118041992,0,0,1,3.865,3.46
-29,25,-29,25,4,0,175.039648788028,122.391118041992,0,0,1,3.865,3.46
-30,25,-30,25,3,0,178.904646651798,122.391118041992,0,0,1,3.865,3.46
-31,25,-31,25,2,0,182.769652144962,122.391118041992,0,0,1,3.865,3.46
-32,25,-32,25,1,0,186.634650008731,122.391118041992,0,0,1,3.865,3.46
-33,26,-33,26,1,0,190.496879873303,118.93111895752,0,0,1,3.865,3.46
-32,26,-32,26,2,0,186.631882009534,118.93111895752,0,0,1,3.865,3.46
-31,26,-31,26,3,0,182.766884145764,118.93111895752,0,0,1,3.865,3.46
-30,26,-30,26,4,0,178.9018786526,118.93111895752,0,0,1,3.865,3.46
-29,26,-29,26,5,0,175.036880788831,118.93111895752,0,0,1,3.865,3.46
-28,26,-28,26,6,0,171.171882925061,118.93111895752,0,0,1,3.865,3.46
-27,26,-27,26,7,0,167.306885061292,118.93111895752,0,0,1,3.865,3.46
-26,26,-26,26,8,0,163.441879568128,118.93111895752,0,0,1,3.865,3.46
-25,26,-25,26,9,0,159.576881704358,118.93111895752,0,0,1,3.865,3.46
-24,26,-24,26,10,0,155.711883840588,118.93111895752,0,0,1,3.865,3.46
-23,26,-23,26,11,0,151.846878347424,118.93111895752,0,0,1,3.865,3.46
-22,26,-22,26,12,0,147.981880483655,118.93111895752,0,0,1,3.865,3.46
-21,26,-21,26,13,0,144.116882619885,118.93111895752,0,0,1,3.865,3.46
-20,26,-20,26,14,0,140.251884756116,118.93111895752,0,0,1,3.865,3.46
-19,26,-19,26,15,0,136.386879262952,118.93111895752,0,0,1,3.865,3.46
-18,26,-18,26,16,0,132.521881399182,118.93111895752,0,0,1,3.865,3.46
-17,26,-17,26,17,0,128.656883535413,118.93111895752,0,0,1,3.865,3.46
-16,26,-16,26,18,0,124.791881856946,118.93111895752,0,0,1,3.865,3.46
-15,26,-15,26,19,0,120.926880178479,118.93111895752,0,0,1,3.865,3.46
-14,26,-14,26,20,0,117.06188231471,118.93111895752,0,0,1,3.865,3.46
-13,26,-13,26,21,0,113.196880636243,118.93111895752,0,0,1,3.865,3.46
-12,26,-12,26,22,0,109.331882772473,118.93111895752,0,0,1,3.865,3.46
-11,26,-11,26,23,0,105.466881094006,118.93111895752,0,0,1,3.865,3.46
-10,26,-10,26,24,0,101.601883230237,118.93111895752,0,0,1,3.865,3.46
-9,26,-9,26,25,0,97.7368815517701,118.93111895752,0,0,1,3.865,3.46
-8,26,-8,26,26,0,93.8718817806519,118.93111895752,0,0,1,3.865,3.46
-7,26,-7,26,25,0,90.0068820095338,118.93111895752,0,0,1,3.865,3.46
-6,26,-6,26,24,0,86.1418822384156,118.93111895752,0,0,1,3.865,3.46
-5,26,-5,26,23,0,82.2768824672974,118.93111895752,0,0,1,3.865,3.46
-4,26,-4,26,22,0,78.411881742505,118.93111895752,0,0,1,3.865,3.46
-3,26,-3,26,21,0,74.5468819713868,118.93111895752,0,0,1,3.865,3.46
-2,26,-2,26,20,0,70.6818817234315,118.93111895752,0,0,1,3.865,3.46
-1,26,-1,26,19,0,66.8168817138947,118.93111895752,0,0,1,3.865,3.46
0,26,0,26,18,0,62.951881704358,118.93111895752,0,0,1,3.865,3.46
1,26,1,26,17,0,59.0868816948212,118.93111895752,0,0,1,3.865,3.46
2,26,2,26,16,0,55.2218816852845,118.93111895752,0,0,1,3.865,3.46
3,26,3,26,15,0,51.3568814373292,118.93111895752,0,0,1,3.865,3.46
4,26,4,26,14,0,47.491881666211,118.93111895752,0,0,1,3.865,3.46
5,26,5,26,13,0,43.6268809414185,118.93111895752,0,0,1,3.865,3.46
6,26,6,26,12,0,39.7618811703004,118.93111895752,0,0,1,3.865,3.46
7,26,7,26,11,0,35.8968813991822,118.93111895752,0,0,1,3.865,3.46
8,26,8,26,10,0,32.031881628064,118.93111895752,0,0,1,3.865,3.46
9,26,9,26,9,0,28.1668818569459,118.93111895752,0,0,1,3.865,3.46
10,26,10,26,8,0,24.3018801784791,118.93111895752,0,0,1,3.865,3.46
11,26,11,26,7,0,20.4368823147095,118.93111895752,0,0,1,3.865,3.46
12,26,12,26,6,0,16.5718806362428,118.93111895752,0,0,1,3.865,3.46
13,26,13,26,5,0,12.7068827724732,118.93111895752,0,0,1,3.865,3.46
14,26,14,26,4,0,8.84188109400642,118.93111895752,0,0,1,3.865,3.46
15,26,15,26,3,0,4.97688323023689,118.93111895752,0,0,1,3.865,3.46
16,26,16,26,2,0,1.1118815517701,118.93111895752,0,0,1,3.865,3.46
17,26,17,26,1,0,-2.7531201266967,118.93111895752,0,0,1,3.865,3.46
17,27,17,27,1,0,-2.75588812589436,115.471119873047,0,0,1,3.865,3.46
16,27,16,27,2,0,1.10911355257244,115.471119873047,0,0,1,3.865,3.46
15,27,15,27,3,0,4.97411523103924,115.471119873047,0,0,1,3.865,3.46
14,27,14,27,4,0,8.83911309480877,115.471119873047,0,0,1,3.865,3.46
13,27,13,27,5,0,12.7041147732756,115.471119873047,0,0,1,3.865,3.46
12,27,12,27,6,0,16.5691126370451,115.471119873047,0,0,1,3.865,3.46
11,27,11,27,7,0,20.4341143155119,115.471119873047,0,0,1,3.865,3.46
10,27,10,27,8,0,24.2991121792814,115.471119873047,0,0,1,3.865,3.46
9,27,9,27,9,0,28.1641138577482,115.471119873047,0,0,1,3.865,3.46
8,27,8,27,10,0,32.0291136288664,115.471119873047,0,0,1,3.865,3.46
7,27,7,27,11,0,35.8941133999845,115.471119873047,0,0,1,3.865,3.46
6,27,6,27,12,0,39.7591131711027,115.471119873047,0,0,1,3.865,3.46
5,27,5,27,13,0,43.6241129422209,115.471119873047,0,0,1,3.865,3.46
4,27,4,27,14,0,47.4891136670134,115.471119873047,0,0,1,3.865,3.46
3,27,3,27,15,0,51.3541134381315,115.471119873047,0,0,1,3.865,3.46
2,27,2,27,16,0,55.2191136860868,115.471119873047,0,0,1,3.865,3.46
1,27,1,27,17,0,59.0841136956236,115.471119873047,0,0,1,3.865,3.46
0,27,0,27,18,0,62.9491137051603,115.471119873047,0,0,1,3.865,3.46
-1,27,-1,27,19,0,66.8141137146971,115.471119873047,0,0,1,3.865,3.46
-2,27,-2,27,20,0,70.6791137242338,115.471119873047,0,0,1,3.865,3.46
-3,27,-3,27,21,0,74.5441139721891,115.471119873047,0,0,1,3.865,3.46
-4,27,-4,27,22,0,78.4091137433073,115.471119873047,0,0,1,3.865,3.46
-5,27,-5,27,23,0,82.2741144680998,115.471119873047,0,0,1,3.865,3.46
-6,27,-6,27,24,0,86.139114239218,115.471119873047,0,0,1,3.865,3.46
-7,27,-7,27,25,0,90.0041140103361,115.471119873047,0,0,1,3.865,3.46
-8,27,-8,27,26,0,93.8691137814543,115.471119873047,0,0,1,3.865,3.46
-9,27,-9,27,25,0,97.7341135525725,115.471119873047,0,0,1,3.865,3.46
-10,27,-10,27,24,0,101.599115231039,115.471119873047,0,0,1,3.865,3.46
-11,27,-11,27,23,0,105.464113094809,115.471119873047,0,0,1,3.865,3.46
-12,27,-12,27,22,0,109.329114773276,115.471119873047,0,0,1,3.865,3.46
-13,27,-13,27,21,0,113.194112637045,115.471119873047,0,0,1,3.865,3.46
-14,27,-14,27,20,0,117.059114315512,115.471119873047,0,0,1,3.865,3.46
-15,27,-15,27,19,0,120.924112179281,115.471119873047,0,0,1,3.865,3.46
-16,27,-16,27,18,0,124.789113857748,115.471119873047,0,0,1,3.865,3.46
-17,27,-17,27,17,0,128.654115536215,115.471119873047,0,0,1,3.865,3.46
-18,27,-18,27,16,0,132.519113399985,115.471119873047,0,0,1,3.865,3.46
-19,27,-19,27,15,0,136.384111263754,115.471119873047,0,0,1,3.865,3.46
-20,27,-20,27,14,0,140.249116756918,115.471119873047,0,0,1,3.865,3.46
-21,27,-21,27,13,0,144.114114620688,115.471119873047,0,0,1,3.865,3.46
-22,27,-22,27,12,0,147.979112484457,115.471119873047,0,0,1,3.865,3.46
-23,27,-23,27,11,0,151.844110348227,115.471119873047,0,0,1,3.865,3.46
-24,27,-24,27,10,0,155.709115841391,115.471119873047,0,0,1,3.865,3.46
-25,27,-25,27,9,0,159.57411370516,115.471119873047,0,0,1,3.865,3.46
-26,27,-26,27,8,0,163.43911156893,115.471119873047,0,0,1,3.865,3.46
-27,27,-27,27,7,0,167.304117062094,115.471119873047,0,0,1,3.865,3.46
-28,27,-28,27,6,0,171.169114925863,115.471119873047,0,0,1,3.865,3.46
-29,27,-29,27,5,0,175.034112789633,115.471119873047,0,0,1,3.865,3.46
-30,27,-30,27,4,0,178.899110653403,115.471119873047,0,0,1,3.865,3.46
-31,27,-31,27,3,0,182.764116146567,115.471119873047,0,0,1,3.865,3.46
-32,27,-32,27,2,0,186.629114010336,115.471119873047,0,0,1,3.865,3.46
-33,27,-33,27,1,0,190.494111874106,115.471119873047,0,0,1,3.865,3.46
-33,28,-33,28,1,0,190.491343874908,112.011120788574,0,0,1,3.865,3.46
-32,28,-32,28,2,0,186.626346011138,112.011120788574,0,0,1,3.865,3.46
-31,28,-31,28,3,0,182.761348147369,112.011120788574,0,0,1,3.865,3.46
-30,28,-30,28,4,0,178.896342654205,112.011120788574,0,0,1,3.865,3.46
-29,28,-29,28,5,0,175.031344790435,112.011120788574,0,0,1,3.865,3.46
-28,28,-28,28,6,0,171.166346926666,112.011120788574,0,0,1,3.865,3.46
-27,28,-27,28,7,0,167.301349062896,112.011120788574,0,0,1,3.865,3.46
-26,28,-26,28,8,0,163.436343569732,112.011120788574,0,0,1,3.865,3.46
-25,28,-25,28,9,0,159.571345705963,112.011120788574,0,0,1,3.865,3.46
-24,28,-24,28,10,0,155.706347842193,112.011120788574,0,0,1,3.865,3.46
-23,28,-23,28,11,0,151.841342349029,112.011120788574,0,0,1,3.865,3.46
-22,28,-22,28,12,0,147.97634448526,112.011120788574,0,0,1,3.865,3.46
-21,28,-21,28,13,0,144.11134662149,112.011120788574,0,0,1,3.865,3.46
-20,28,-20,28,14,0,140.246348757721,112.011120788574,0,0,1,3.865,3.46
-19,28,-19,28,15,0,136.381343264556,112.011120788574,0,0,1,3.865,3.46
-18,28,-18,28,16,0,132.516345400787,112.011120788574,0,0,1,3.865,3.46
-17,28,-17,28,17,0,128.651347537017,112.011120788574,0,0,1,3.865,3.46
-16,28,-16,28,18,0,124.786345858551,112.011120788574,0,0,1,3.865,3.46
-15,28,-15,28,19,0,120.921344180084,112.011120788574,0,0,1,3.865,3.46
-14,28,-14,28,20,0,117.056346316314,112.011120788574,0,0,1,3.865,3.46
-13,28,-13,28,21,0,113.191344637847,112.011120788574,0,0,1,3.865,3.46
-12,28,-12,28,22,0,109.326346774078,112.011120788574,0,0,1,3.865,3.46
-11,28,-11,28,23,0,105.461345095611,112.011120788574,0,0,1,3.865,3.46
-10,28,-10,28,24,0,101.596347231842,112.011120788574,0,0,1,3.865,3.46
-9,28,-9,28,25,0,97.7313455533748,112.011120788574,0,0,1,3.865,3.46
-8,28,-8,28,26,0,93.8663457822566,112.011120788574,0,0,1,3.865,3.46
-7,28,-7,28,25,0,90.0013460111385,112.011120788574,0,0,1,3.865,3.46
-6,28,-6,28,24,0,86.1363462400203,112.011120788574,0,0,1,3.865,3.46
-5,28,-5,28,23,0,82.2713464689021,112.011120788574,0,0,1,3.865,3.46
-4,28,-4,28,22,0,78.4063457441097,112.011120788574,0,0,1,3.865,3.46
-3,28,-3,28,21,0,74.5413459729915,112.011120788574,0,0,1,3.865,3.46
-2,28,-2,28,20,0,70.6763457250362,112.011120788574,0,0,1,3.865,3.46
-1,28,-1,28,19,0,66.8113457154994,112.011120788574,0,0,1,3.865,3.46
0,28,0,28,18,0,62.9463457059627,112.011120788574,0,0,1,3.865,3.46
1,28,1,28,17,0,59.0813456964259,112.011120788574,0,0,1,3.865,3.46
2,28,2,28,16,0,55.2163456868892,112.011120788574,0,0,1,3.865,3.46
3,28,3,28,15,0,51.3513454389339,112.011120788574,0,0,1,3.865,3.46
4,28,4,28,14,0,47.4863456678157,112.011120788574,0,0,1,3.865,3.46
5,28,5,28,13,0,43.6213449430232,112.011120788574,0,0,1,3.865,3.46
6,28,6,28,12,0,39.7563451719051,112.011120788574,0,0,1,3.865,3.46
7,28,7,28,11,0,35.8913454007869,112.011120788574,0,0,1,3.865,3.46
8,28,8,28,10,0,32.0263456296687,112.011120788574,0,0,1,3.865,3.46
9,28,9,28,9,0,28.1613458585506,112.011120788574,0,0,1,3.865,3.46
10,28,10,28,8,0,24.2963441800838,112.011120788574,0,0,1,3.865,3.46
11,28,11,28,7,0,20.4313463163142,112.011120788574,0,0,1,3.865,3.46
12,28,12,28,6,0,16.5663446378474,112.011120788574,0,0,1,3.865,3.46
13,28,13,28,5,0,12.7013467740779,112.011120788574,0,0,1,3.865,3.46
14,28,14,28,4,0,8.83634509561112,112.011120788574,0,0,1,3.865,3.46
15,28,15,28,3,0,4.97134723184159,112.011120788574,0,0,1,3.865,3.46
16,28,16,28,2,0,1.10634555337479,112.011120788574,0,0,1,3.865,3.46
17,28,17,28,1,0,-2.75865612509201,112.011120788574,0,0,1,3.865,3.46
17,29,17,29,1,0,-2.76142412428966,108.551121704102,0,0,1,3.865,3.46
16,29,16,29,2,0,1.10357755417714,108.551121704102,0,0,1,3.865,3.46
15,29,15,29,3,0,4.96857923264393,108.551121704102,0,0,1,3.865,3.46
14,29,14,29,4,0,8.83357709641346,108.551121704102,0,0,1,3.865,3.46
13,29,13,29,5,0,12.6985787748803,108.551121704102,0,0,1,3.865,3.46
12,29,12,29,6,0,16.5635766386498,108.551121704102,0,0,1,3.865,3.46
11,29,11,29,7,0,20.4285783171166,108.551121704102,0,0,1,3.865,3.46
10,29,10,29,8,0,24.2935761808861,108.551121704102,0,0,1,3.865,3.46
9,29,9,29,9,0,28.1585778593529,108.551121704102,0,0,1,3.865,3.46
8,29,8,29,10,0,32.0235776304711,108.551121704102,0,0,1,3.865,3.46
7,29,7,29,11,0,35.8885774015892,108.551121704102,0,0,1,3.865,3.46
6,29,6,29,12,0,39.7535771727074,108.551121704102,0,0,1,3.865,3.46
5,29,5,29,13,0,43.6185769438256,108.551121704102,0,0,1,3.865,3.46
4,29,4,29,14,0,47.4835776686181,108.551121704102,0,0,1,3.865,3.46
3,29,3,29,15,0,51.3485774397362,108.551121704102,0,0,1,3.865,3.46
2,29,2,29,16,0,55.2135776876915,108.551121704102,0,0,1,3.865,3.46
1,29,1,29,17,0,59.0785776972283,108.551121704102,0,0,1,3.865,3.46
0,29,0,29,18,0,62.943577706765,108.551121704102,0,0,1,3.865,3.46
-1,29,-1,29,19,0,66.8085777163018,108.551121704102,0,0,1,3.865,3.46
-2,29,-2,29,20,0,70.6735777258385,108.551121704102,0,0,1,3.865,3.46
-3,29,-3,29,21,0,74.5385779737938,108.551121704102,0,0,1,3.865,3.46
-4,29,-4,29,22,0,78.403577744912,108.551121704102,0,0,1,3.865,3.46
-5,29,-5,29,23,0,82.2685784697045,108.551121704102,0,0,1,3.865,3.46
-6,29,-6,29,24,0,86.1335782408227,108.551121704102,0,0,1,3.865,3.46
-7,29,-7,29,25,0,89.9985780119408,108.551121704102,0,0,1,3.865,3.46
-8,29,-8,29,26,0,93.863577783059,108.551121704102,0,0,1,3.865,3.46
-9,29,-9,29,25,0,97.7285775541771,108.551121704102,0,0,1,3.865,3.46
-10,29,-10,29,24,0,101.593579232644,108.551121704102,0,0,1,3.865,3.46
-11,29,-11,29,23,0,105.458577096413,108.551121704102,0,0,1,3.865,3.46
-12,29,-12,29,22,0,109.32357877488,108.551121704102,0,0,1,3.865,3.46
-13,29,-13,29,21,0,113.18857663865,108.551121704102,0,0,1,3.865,3.46
-14,29,-14,29,20,0,117.053578317117,108.551121704102,0,0,1,3.865,3.46
-15,29,-15,29,19,0,120.918576180886,108.551121704102,0,0,1,3.865,3.46
-16,29,-16,29,18,0,124.783577859353,108.551121704102,0,0,1,3.865,3.46
-17,29,-17,29,17,0,128.64857953782,108.551121704102,0,0,1,3.865,3.46
-18,29,-18,29,16,0,132.513577401589,108.551121704102,0,0,1,3.865,3.46
-19,29,-19,29,15,0,136.378575265359,108.551121704102,0,0,1,3.865,3.46
-20,29,-20,29,14,0,140.243580758523,108.551121704102,0,0,1,3.865,3.46
-21,29,-21,29,13,0,144.108578622292,108.551121704102,0,0,1,3.865,3.46
-22,29,-22,29,12,0,147.973576486062,108.551121704102,0,0,1,3.865,3.46
-23,29,-23,29,11,0,151.838574349831,108.551121704102,0,0,1,3.865,3.46
-24,29,-24,29,10,0,155.703579842996,108.551121704102,0,0,1,3.865,3.46
-25,29,-25,29,9,0,159.568577706765,108.551121704102,0,0,1,3.865,3.46
-26,29,-26,29,8,0,163.433575570535,108.551121704102,0,0,1,3.865,3.46
-27,29,-27,29,7,0,167.298581063699,108.551121704102,0,0,1,3.865,3.46
-28,29,-28,29,6,0,171.163578927468,108.551121704102,0,0,1,3.865,3.46
-29,29,-29,29,5,0,175.028576791238,108.551121704102,0,0,1,3.865,3.46
-30,29,-30,29,4,0,178.893574655007,108.551121704102,0,0,1,3.865,3.46
-31,29,-31,29,3,0,182.758580148171,108.551121704102,0,0,1,3.865,3.46
-32,29,-32,29,2,0,186.623578011941,108.551121704102,0,0,1,3.865,3.46
-33,29,-33,29,1,0,190.48857587571,108.551121704102,0,0,1,3.865,3.46
-32,30,-32,30,1,0,186.62081000664,105.091114990234,0,0,1,3.865,3.46
-31,30,-31,30,2,0,182.75581214287,105.091114990234,0,0,1,3.865,3.46
-30,30,-30,30,3,0,178.890806649706,105.091114990234,0,0,1,3.865,3.46
-29,30,-29,30,4,0,175.025808785937,105.091114990234,0,0,1,3.865,3.46
-28,30,-28,30,5,0,171.160810922167,105.091114990234,0,0,1,3.865,3.46
-27,30,-27,30,6,0,167.295813058397,105.091114990234,0,0,1,3.865,3.46
-26,30,-26,30,7,0,163.430807565233,105.091114990234,0,0,1,3.865,3.46
-25,30,-25,30,8,0,159.565809701464,105.091114990234,0,0,1,3.865,3.46
-24,30,-24,30,9,0,155.700811837694,105.091114990234,0,0,1,3.865,3.46
-23,30,-23,30,10,0,151.83580634453,105.091114990234,0,0,1,3.865,3.46
-22,30,-22,30,11,0,147.970808480761,105.091114990234,0,0,1,3.865,3.46
-21,30,-21,30,12,0,144.105810616991,105.091114990234,0,0,1,3.865,3.46
-20,30,-20,30,13,0,140.240812753222,105.091114990234,0,0,1,3.865,3.46
-19,30,-19,30,14,0,136.375807260058,105.091114990234,0,0,1,3.865,3.46
-18,30,-18,30,15,0,132.510809396288,105.091114990234,0,0,1,3.865,3.46
-17,30,-17,30,16,0,128.645811532519,105.091114990234,0,0,1,3.865,3.46
-16,30,-16,30,17,0,124.780809854052,105.091114990234,0,0,1,3.865,3.46
-15,30,-15,30,18,0,120.915808175585,105.091114990234,0,0,1,3.865,3.46
-14,30,-14,30,19,0,117.050810311815,105.091114990234,0,0,1,3.865,3.46
-13,30,-13,30,20,0,113.185808633349,105.091114990234,0,0,1,3.865,3.46
-12,30,-12,30,21,0,109.320810769579,105.091114990234,0,0,1,3.865,3.46
-11,30,-11,30,22,0,105.455809091112,105.091114990234,0,0,1,3.865,3.46
-10,30,-10,30,23,0,101.590811227343,105.091114990234,0,0,1,3.865,3.46
-9,30,-9,30,24,0,97.725809548876,105.091114990234,0,0,1,3.865,3.46
-8,30,-8,30,25,0,93.8608097777578,105.091114990234,0,0,1,3.865,3.46
-7,30,-7,30,25,0,89.9958100066396,105.091114990234,0,0,1,3.865,3.46
-6,30,-6,30,24,0,86.1308102355215,105.091114990234,0,0,1,3.865,3.46
-5,30,-5,30,23,0,82.2658104644033,105.091114990234,0,0,1,3.865,3.46
-4,30,-4,30,22,0,78.4008097396108,105.091114990234,0,0,1,3.865,3.46
-3,30,-3,30,21,0,74.5358099684927,105.091114990234,0,0,1,3.865,3.46
-2,30,-2,30,20,0,70.6708097205373,105.091114990234,0,0,1,3.865,3.46
-1,30,-1,30,19,0,66.8058097110006,105.091114990234,0,0,1,3.865,3.46
0,30,0,30,18,0,62.9408097014639,105.091114990234,0,0,1,3.865,3.46
1,30,1,30,17,0,59.0758096919271,105.091114990234,0,0,1,3.865,3.46
2,30,2,30,16,0,55.2108096823904,105.091114990234,0,0,1,3.865,3.46
3,30,3,30,15,0,51.3458094344351,105.091114990234,0,0,1,3.865,3.46
4,30,4,30,14,0,47.4808096633169,105.091114990234,0,0,1,3.865,3.46
5,30,5,30,13,0,43.6158089385244,105.091114990234,0,0,1,3.865,3.46
6,30,6,30,12,0,39.7508091674062,105.091114990234,0,0,1,3.865,3.46
7,30,7,30,11,0,35.8858093962881,105.091114990234,0,0,1,3.865,3.46
8,30,8,30,10,0,32.0208096251699,105.091114990234,0,0,1,3.865,3.46
9,30,9,30,9,0,28.1558098540517,105.091114990234,0,0,1,3.865,3.46
10,30,10,30,8,0,24.290808175585,105.091114990234,0,0,1,3.865,3.46
11,30,11,30,7,0,20.4258103118154,105.091114990234,0,0,1,3.865,3.46
12,30,12,30,6,0,16.5608086333486,105.091114990234,0,0,1,3.865,3.46
13,30,13,30,5,0,12.6958107695791,105.091114990234,0,0,1,3.865,3.46
14,30,14,30,4,0,8.8308090911123,105.091114990234,0,0,1,3.865,3.46
15,30,15,30,3,0,4.96581122734277,105.091114990234,0,0,1,3.865,3.46
16,30,16,30,2,0,1.10080954887597,105.091114990234,0,0,1,3.865,3.46
17,30,17,30,1,0,-2.76419212959083,105.091114990234,0,0,1,3.865,3.46
17,31,17,31,1,0,-2.76696012878848,101.631115905762,0,0,1,3.865,3.46
16,31,16,31,2,0,1.09804154967832,101.631115905762,0,0,1,3.865,3.46
15,31,15,31,3,0,4.96304322814511,101.631115905762,0,0,1,3.865,3.46
14,31,14,31,4,0,8.82804109191465,101.631115905762,0,0,1,3.865,3.46
13,31,13,31,5,0,12.6930427703814,101.631115905762,0,0,1,3.865,3.46
12,31,12,31,6,0,16.558040634151,101.631115905762,0,0,1,3.865,3.46
11,31,11,31,7,0,20.4230423126178,101.631115905762,0,0,1,3.865,3.46
10,31,10,31,8,0,24.2880401763873,101.631115905762,0,0,1,3.865,3.46
9,31,9,31,9,0,28.1530418548541,101.631115905762,0,0,1,3.865,3.46
8,31,8,31,10,0,32.0180416259723,101.631115905762,0,0,1,3.865,3.46
7,31,7,31,11,0,35.8830413970904,101.631115905762,0,0,1,3.865,3.46
6,31,6,31,12,0,39.7480411682086,101.631115905762,0,0,1,3.865,3.46
5,31,5,31,13,0,43.6130409393268,101.631115905762,0,0,1,3.865,3.46
4,31,4,31,14,0,47.4780416641192,101.631115905762,0,0,1,3.865,3.46
3,31,3,31,15,0,51.3430414352374,101.631115905762,0,0,1,3.865,3.46
2,31,2,31,16,0,55.2080416831927,101.631115905762,0,0,1,3.865,3.46
1,31,1,31,17,0,59.0730416927295,101.631115905762,0,0,1,3.865,3.46
0,31,0,31,18,0,62.9380417022662,101.631115905762,0,0,1,3.865,3.46
-1,31,-1,31,19,0,66.8030417118029,101.631115905762,0,0,1,3.865,3.46
-2,31,-2,31,20,0,70.6680417213397,101.631115905762,0,0,1,3.865,3.46
-3,31,-3,31,21,0,74.533041969295,101.631115905762,0,0,1,3.865,3.46
-4,31,-4,31,22,0,78.3980417404132,101.631115905762,0,0,1,3.865,3.46
-5,31,-5,31,23,0,82.2630424652057,101.631115905762,0,0,1,3.865,3.46
-6,31,-6,31,24,0,86.1280422363238,101.631115905762,0,0,1,3.865,3.46
-7,31,-7,31,25,0,89.993042007442,101.631115905762,0,0,1,3.865,3.46
-8,31,-8,31,25,0,93.8580417785602,101.631115905762,0,0,1,3.865,3.46
-9,31,-9,31,24,0,97.7230415496783,101.631115905762,0,0,1,3.865,3.46
-10,31,-10,31,23,0,101.588043228145,101.631115905762,0,0,1,3.865,3.46
-11,31,-11,31,22,0,105.453041091915,101.631115905762,0,0,1,3.865,3.46
-12,31,-12,31,21,0,109.318042770381,101.631115905762,0,0,1,3.865,3.46
-13,31,-13,31,20,0,113.183040634151,101.631115905762,0,0,1,3.865,3.46
-14,31,-14,31,19,0,117.048042312618,101.631115905762,0,0,1,3.865,3.46
-15,31,-15,31,18,0,120.913040176387,101.631115905762,0,0,1,3.865,3.46
-16,31,-16,31,17,0,124.778041854854,101.631115905762,0,0,1,3.865,3.46
-17,31,-17,31,16,0,128.643043533321,101.631115905762,0,0,1,3.865,3.46
-18,31,-18,31,15,0,132.50804139709,101.631115905762,0,0,1,3.865,3.46
-19,31,-19,31,14,0,136.37303926086,101.631115905762,0,0,1,3.865,3.46
-20,31,-20,31,13,0,140.238044754024,101.631115905762,0,0,1,3.865,3.46
-21,31,-21,31,12,0,144.103042617794,101.631115905762,0,0,1,3.865,3.46
-22,31,-22,31,11,0,147.968040481563,101.631115905762,0,0,1,3.865,3.46
-23,31,-23,31,10,0,151.833038345333,101.631115905762,0,0,1,3.865,3.46
-24,31,-24,31,9,0,155.698043838497,101.631115905762,0,0,1,3.865,3.46
-25,31,-25,31,8,0,159.563041702266,101.631115905762,0,0,1,3.865,3.46
-26,31,-26,31,7,0,163.428039566036,101.631115905762,0,0,1,3.865,3.46
-27,31,-27,31,6,0,167.2930450592,101.631115905762,0,0,1,3.865,3.46
-28,31,-28,31,5,0,171.158042922969,101.631115905762,0,0,1,3.865,3.46
-29,31,-29,31,4,0,175.023040786739,101.631115905762,0,0,1,3.865,3.46
-30,31,-30,31,3,0,178.888038650508,101.631115905762,0,0,1,3.865,3.46
-31,31,-31,31,2,0,182.753044143672,101.631115905762,0,0,1,3.865,3.46
-32,31,-32,31,1,0,186.618042007442,101.631115905762,0,0,1,3.865,3.46
-32,32,-32,32,1,0,186.615274008244,98.171116821289,0,0,1,3.865,3.46
-31,32,-31,32,2,0,182.750276144475,98.171116821289,0,0,1,3.865,3.46
-30,32,-30,32,3,0,178.885270651311,98.171116821289,0,0,1,3.865,3.46
-29,32,-29,32,4,0,175.020272787541,98.171116821289,0,0,1,3.865,3.46
-28,32,-28,32,5,0,171.155274923772,98.171116821289,0,0,1,3.865,3.46
-27,32,-27,32,6,0,167.290277060002,98.171116821289,0,0,1,3.865,3.46
-26,32,-26,32,7,0,163.425271566838,98.171116821289,0,0,1,3.865,3.46
-25,32,-25,32,8,0,159.560273703069,98.171116821289,0,0,1,3.865,3.46
-24,32,-24,32,9,0,155.695275839299,98.171116821289,0,0,1,3.865,3.46
-23,32,-23,32,10,0,151.830270346135,98.171116821289,0,0,1,3.865,3.46
-22,32,-22,32,11,0,147.965272482365,98.171116821289,0,0,1,3.865,3.46
-21,32,-21,32,12,0,144.100274618596,98.171116821289,0,0,1,3.865,3.46
-20,32,-20,32,13,0,140.235276754826,98.171116821289,0,0,1,3.865,3.46
-19,32,-19,32,14,0,136.370271261662,98.171116821289,0,0,1,3.865,3.46
-18,32,-18,32,15,0,132.505273397893,98.171116821289,0,0,1,3.865,3.46
-17,32,-17,32,16,0,128.640275534123,98.171116821289,0,0,1,3.865,3.46
-16,32,-16,32,17,0,124.775273855656,98.171116821289,0,0,1,3.865,3.46
-15,32,-15,32,18,0,120.91027217719,98.171116821289,0,0,1,3.865,3.46
-14,32,-14,32,19,0,117.04527431342,98.171116821289,0,0,1,3.865,3.46
-13,32,-13,32,20,0,113.180272634953,98.171116821289,0,0,1,3.865,3.46
-12,32,-12,32,21,0,109.315274771184,98.171116821289,0,0,1,3.865,3.46
-11,32,-11,32,22,0,105.450273092717,98.171116821289,0,0,1,3.865,3.46
-10,32,-10,32,23,0,101.585275228947,98.171116821289,0,0,1,3.865,3.46
-9,32,-9,32,24,0,97.7202735504807,98.171116821289,0,0,1,3.865,3.46
-8,32,-8,32,24,0,93.8552737793625,98.171116821289,0,0,1,3.865,3.46
-7,32,-7,32,24,0,89.9902740082443,98.171116821289,0,0,1,3.865,3.46
-6,32,-6,32,24,0,86.1252742371262,98.171116821289,0,0,1,3.865,3.46
-5,32,-5,32,23,0,82.260274466008,98.171116821289,0,0,1,3.865,3.46
-4,32,-4,32,22,0,78.3952737412155,98.171116821289,0,0,1,3.865,3.46
-3,32,-3,32,21,0,74.5302739700974,98.171116821289,0,0,1,3.865,3.46
-2,32,-2,32,20,0,70.665273722142,98.171116821289,0,0,1,3.865,3.46
-1,32,-1,32,19,0,66.8002737126053,98.171116821289,0,0,1,3.865,3.46
0,32,0,32,18,0,62.9352737030686,98.171116821289,0,0,1,3.865,3.46
1,32,1,32,17,0,59.0702736935318,98.171116821289,0,0,1,3.865,3.46
2,32,2,32,16,0,55.2052736839951,98.171116821289,0,0,1,3.865,3.46
3,32,3,32,15,0,51.3402734360397,98.171116821289,0,0,1,3.865,3.46
4,32,4,32,14,0,47.4752736649216,98.171116821289,0,0,1,3.865,3.46
5,32,5,32,13,0,43.6102729401291,98.171116821289,0,0,1,3.865,3.46
6,32,6,32,12,0,39.7452731690109,98.171116821289,0,0,1,3.865,3.46
7,32,7,32,11,0,35.8802733978928,98.171116821289,0,0,1,3.865,3.46
8,32,8,32,10,0,32.0152736267746,98.171116821289,0,0,1,3.865,3.46
9,32,9,32,9,0,28.1502738556564,98.171116821289,0,0,1,3.865,3.46
10,32,10,32,8,0,24.2852721771896,98.171116821289,0,0,1,3.865,3.46
11,32,11,32,7,0,20.4202743134201,98.171116821289,0,0,1,3.865,3.46
12,32,12,32,6,0,16.5552726349533,98.171116821289,0,0,1,3.865,3.46
13,32,13,32,5,0,12.6902747711838,98.171116821289,0,0,1,3.865,3.46
14,32,14,32,4,0,8.82527309271699,98.171116821289,0,0,1,3.865,3.46
15,32,15,32,3,0,4.96027522894746,98.171116821289,0,0,1,3.865,3.46
16,32,16,32,2,0,1.09527355048066,98.171116821289,0,0,1,3.865,3.46
17,32,17,32,1,0,-2.76972812798613,98.171116821289,0,0,1,3.865,3.46
17,33,17,33,1,0,-2.77249612718379,94.7111177368164,0,0,1,3.865,3.46
16,33,16,33,2,0,1.09250555128301,94.7111177368164,0,0,1,3.865,3.46
15,33,15,33,3,0,4.95750722974981,94.7111177368164,0,0,1,3.865,3.46
14,33,14,33,4,0,8.82250509351934,94.7111177368164,0,0,1,3.865,3.46
13,33,13,33,5,0,12.6875067719861,94.7111177368164,0,0,1,3.865,3.46
12,33,12,33,6,0,16.5525046357557,94.7111177368164,0,0,1,3.865,3.46
11,33,11,33,7,0,20.4175063142225,94.7111177368164,0,0,1,3.865,3.46
10,33,10,33,8,0,24.282504177992,94.7111177368164,0,0,1,3.865,3.46
9,33,9,33,9,0,28.1475058564588,94.7111177368164,0,0,1,3.865,3.46
8,33,8,33,10,0,32.012505627577,94.7111177368164,0,0,1,3.865,3.46
7,33,7,33,11,0,35.8775053986951,94.7111177368164,0,0,1,3.865,3.46
6,33,6,33,12,0,39.7425051698133,94.7111177368164,0,0,1,3.865,3.46
5,33,5,33,13,0,43.6075049409314,94.7111177368164,0,0,1,3.865,3.46
4,33,4,33,14,0,47.4725056657239,94.7111177368164,0,0,1,3.865,3.46
3,33,3,33,15,0,51.3375054368421,94.7111177368164,0,0,1,3.865,3.46
2,33,2,33,16,0,55.2025056847974,94.7111177368164,0,0,1,3.865,3.46
1,33,1,33,17,0,59.0675056943342,94.7111177368164,0,0,1,3.865,3.46
0,33,0,33,18,0,62.9325057038709,94.7111177368164,0,0,1,3.865,3.46
-1,33,-1,33,19,0,66.7975057134076,94.7111177368164,0,0,1,3.865,3.46
-2,33,-2,33,20,0,70.6625057229444,94.7111177368164,0,0,1,3.865,3.46
-3,33,-3,33,21,0,74.5275059708997,94.7111177368164,0,0,1,3.865,3.46
-4,33,-4,33,22,0,78.3925057420179,94.7111177368164,0,0,1,3.865,3.46
-5,33,-5,33,23,0,82.2575064668104,94.7111177368164,0,0,1,3.865,3.46
-6,33,-6,33,23,0,86.1225062379285,94.7111177368164,0,0,1,3.865,3.46
-7,33,-7,33,23,0,89.9875060090467,94.7111177368164,0,0,1,3.865,3.46
-8,33,-8,33,23,0,93.8525057801649,94.7111177368164,0,0,1,3.865,3.46
-9,33,-9,33,23,0,97.717505551283,94.7111177368164,0,0,1,3.865,3.46
-10,33,-10,33,23,0,101.58250722975,94.7111177368164,0,0,1,3.865,3.46
-11,33,-11,33,22,0,105.447505093519,94.7111177368164,0,0,1,3.865,3.46
-12,33,-12,33,21,0,109.312506771986,94.7111177368164,0,0,1,3.865,3.46
-13,33,-13,33,20,0,113.177504635756,94.7111177368164,0,0,1,3.865,3.46
-14,33,-14,33,19,0,117.042506314222,94.7111177368164,0,0,1,3.865,3.46
-15,33,-15,33,18,0,120.907504177992,94.7111177368164,0,0,1,3.865,3.46
-16,33,-16,33,17,0,124.772505856459,94.7111177368164,0,0,1,3.865,3.46
-17,33,-17,33,16,0,128.637507534926,94.7111177368164,0,0,1,3.865,3.46
-18,33,-18,33,15,0,132.502505398695,94.7111177368164,0,0,1,3.865,3.46
-19,33,-19,33,14,0,136.367503262465,94.7111177368164,0,0,1,3.865,3.46
-20,33,-20,33,13,0,140.232508755629,94.7111177368164,0,0,1,3.865,3.46
-21,33,-21,33,12,0,144.097506619398,94.7111177368164,0,0,1,3.865,3.46
-22,33,-22,33,11,0,147.962504483168,94.7111177368164,0,0,1,3.865,3.46
-23,33,-23,33,10,0,151.827502346937,94.7111177368164,0,0,1,3.865,3.46
-24,33,-24,33,9,0,155.692507840101,94.7111177368164,0,0,1,3.865,3.46
-25,33,-25,33,8,0,159.557505703871,94.7111177368164,0,0,1,3.865,3.46
-26,33,-26,33,7,0,163.42250356764,94.7111177368164,0,0,1,3.865,3.46
-27,33,-27,33,6,0,167.287509060804,94.7111177368164,0,0,1,3.865,3.46
-28,33,-28,33,5,0,171.152506924574,94.7111177368164,0,0,1,3.865,3.46
-29,33,-29,33,4,0,175.017504788344,94.7111177368164,0,0,1,3.865,3.46
-30,33,-30,33,3,0,178.882502652113,94.7111177368164,0,0,1,3.865,3.46
-31,33,-31,33,2,0,182.747508145277,94.7111177368164,0,0,1,3.865,3.46
-32,33,-32,33,1,0,186.612506009047,94.7111177368164,0,0,1,3.865,3.46
-32,34,-32,34,1,0,186.609738009849,91.2511186523437,0,0,1,3.865,3.46
-31,34,-31,34,2,0,182.744740146079,91.2511186523437,0,0,1,3.865,3.46
-30,34,-30,34,3,0,178.879734652915,91.2511186523437,0,0,1,3.865,3.46
-29,34,-29,34,4,0,175.014736789146,91.2511186523437,0,0,1,3.865,3.46
-28,34,-28,34,5,0,171.149738925376,91.2511186523437,0,0,1,3.865,3.46
-27,34,-27,34,6,0,167.284741061607,91.2511186523437,0,0,1,3.865,3.46
-26,34,-26,34,7,0,163.419735568443,91.2511186523437,0,0,1,3.865,3.46
-25,34,-25,34,8,0,159.554737704673,91.2511186523437,0,0,1,3.865,3.46
-24,34,-24,34,9,0,155.689739840904,91.2511186523437,0,0,1,3.865,3.46
-23,34,-23,34,10,0,151.82473434774,91.2511186523437,0,0,1,3.865,3.46
-22,34,-22,34,11,0,147.95973648397,91.2511186523437,0,0,1,3.865,3.46
-21,34,-21,34,12,0,144.094738620201,91.2511186523437,0,0,1,3.865,3.46
-20,34,-20,34,13,0,140.229740756431,91.2511186523437,0,0,1,3.865,3.46
-19,34,-19,34,14,0,136.364735263267,91.2511186523437,0,0,1,3.865,3.46
-18,34,-18,34,15,0,132.499737399497,91.2511186523437,0,0,1,3.865,3.46
-17,34,-17,34,16,0,128.634739535728,91.2511186523437,0,0,1,3.865,3.46
-16,34,-16,34,17,0,124.769737857261,91.2511186523437,0,0,1,3.865,3.46
-15,34,-15,34,18,0,120.904736178794,91.2511186523437,0,0,1,3.865,3.46
-14,34,-14,34,19,0,117.039738315025,91.2511186523437,0,0,1,3.865,3.46
-13,34,-13,34,20,0,113.174736636558,91.2511186523437,0,0,1,3.865,3.46
-12,34,-12,34,21,0,109.309738772788,91.2511186523437,0,0,1,3.865,3.46
-11,34,-11,34,22,0,105.444737094322,91.2511186523437,0,0,1,3.865,3.46
-10,34,-10,34,22,0,101.579739230552,91.2511186523437,0,0,1,3.865,3.46
-9,34,-9,34,22,0,97.7147375520854,91.2511186523437,0,0,1,3.865,3.46
-8,34,-8,34,22,0,93.8497377809672,91.2511186523437,0,0,1,3.865,3.46
-7,34,-7,34,22,0,89.984738009849,91.2511186523437,0,0,1,3.865,3.46
-6,34,-6,34,22,0,86.1197382387309,91.2511186523437,0,0,1,3.865,3.46
-5,34,-5,34,22,0,82.2547384676127,91.2511186523437,0,0,1,3.865,3.46
-4,34,-4,34,22,0,78.3897377428202,91.2511186523437,0,0,1,3.865,3.46
-3,34,-3,34,21,0,74.5247379717021,91.2511186523437,0,0,1,3.865,3.46
-2,34,-2,34,20,0,70.6597377237467,91.2511186523437,0,0,1,3.865,3.46
-1,34,-1,34,19,0,66.79473771421,91.2511186523437,0,0,1,3.865,3.46
0,34,0,34,18,0,62.9297377046733,91.2511186523437,0,0,1,3.865,3.46
1,34,1,34,17,0,59.0647376951365,91.2511186523437,0,0,1,3.865,3.46
2,34,2,34,16,0,55.1997376855998,91.2511186523437,0,0,1,3.865,3.46
3,34,3,34,15,0,51.3347374376444,91.2511186523437,0,0,1,3.865,3.46
4,34,4,34,14,0,47.4697376665263,91.2511186523437,0,0,1,3.865,3.46
5,34,5,34,13,0,43.6047369417338,91.2511186523437,0,0,1,3.865,3.46
6,34,6,34,12,0,39.7397371706156,91.2511186523437,0,0,1,3.865,3.46
7,34,7,34,11,0,35.8747373994975,91.2511186523437,0,0,1,3.865,3.46
8,34,8,34,10,0,32.0097376283793,91.2511186523437,0,0,1,3.865,3.46
9,34,9,34,9,0,28.1447378572611,91.2511186523437,0,0,1,3.865,3.46
10,34,10,34,8,0,24.2797361787943,91.2511186523437,0,0,1,3.865,3.46
11,34,11,34,7,0,20.4147383150248,91.2511186523437,0,0,1,3.865,3.46
12,34,12,34,6,0,16.549736636558,91.2511186523437,0,0,1,3.865,3.46
13,34,13,34,5,0,12.6847387727885,91.2511186523437,0,0,1,3.865,3.46
14,34,14,34,4,0,8.81973709432169,91.2511186523437,0,0,1,3.865,3.46
15,34,15,34,3,0,4.95473923055216,91.2511186523437,0,0,1,3.865,3.46
16,34,16,34,2,0,1.08973755208536,91.2511186523437,0,0,1,3.865,3.46
17,34,17,34,1,0,-2.77526412638144,91.2511186523437,0,0,1,3.865,3.46
16,35,16,35,1,0,1.08696955288771,87.7911195678711,0,0,1,3.865,3.46
15,35,15,35,2,0,4.95197123135451,87.7911195678711,0,0,1,3.865,3.46
14,35,14,35,3,0,8.81696909512403,87.7911195678711,0,0,1,3.865,3.46
13,35,13,35,4,0,12.6819707735908,87.7911195678711,0,0,1,3.865,3.46
12,35,12,35,5,0,16.5469686373604,87.7911195678711,0,0,1,3.865,3.46
11,35,11,35,6,0,20.4119703158272,87.7911195678711,0,0,1,3.865,3.46
10,35,10,35,7,0,24.2769681795967,87.7911195678711,0,0,1,3.865,3.46
9,35,9,35,8,0,28.1419698580635,87.7911195678711,0,0,1,3.865,3.46
8,35,8,35,9,0,32.0069696291817,87.7911195678711,0,0,1,3.865,3.46
7,35,7,35,10,0,35.8719694002998,87.7911195678711,0,0,1,3.865,3.46
6,35,6,35,11,0,39.736969171418,87.7911195678711,0,0,1,3.865,3.46
5,35,5,35,12,0,43.6019689425361,87.7911195678711,0,0,1,3.865,3.46
4,35,4,35,13,0,47.4669696673286,87.7911195678711,0,0,1,3.865,3.46
3,35,3,35,14,0,51.3319694384468,87.7911195678711,0,0,1,3.865,3.46
2,35,2,35,15,0,55.1969696864021,87.7911195678711,0,0,1,3.865,3.46
1,35,1,35,16,0,59.0619696959389,87.7911195678711,0,0,1,3.865,3.46
0,35,0,35,17,0,62.9269697054756,87.7911195678711,0,0,1,3.865,3.46
-1,35,-1,35,18,0,66.7919697150123,87.7911195678711,0,0,1,3.865,3.46
-2,35,-2,35,19,0,70.6569697245491,87.7911195678711,0,0,1,3.865,3.46
-3,35,-3,35,20,0,74.5219699725044,87.7911195678711,0,0,1,3.865,3.46
-4,35,-4,35,21,0,78.3869697436226,87.7911195678711,0,0,1,3.865,3.46
-5,35,-5,35,21,0,82.2519704684151,87.7911195678711,0,0,1,3.865,3.46
-6,35,-6,35,21,0,86.1169702395332,87.7911195678711,0,0,1,3.865,3.46
-7,35,-7,35,21,0,89.9819700106514,87.7911195678711,0,0,1,3.865,3.46
-8,35,-8,35,21,0,93.8469697817695,87.7911195678711,0,0,1,3.865,3.46
-9,35,-9,35,21,0,97.7119695528877,87.7911195678711,0,0,1,3.865,3.46
-10,35,-10,35,21,0,101.576971231355,87.7911195678711,0,0,1,3.865,3.46
-11,35,-11,35,21,0,105.441969095124,87.7911195678711,0,0,1,3.865,3.46
-12,35,-12,35,20,0,109.306970773591,87.7911195678711,0,0,1,3.865,3.46
-13,35,-13,35,19,0,113.17196863736,87.7911195678711,0,0,1,3.865,3.46
-14,35,-14,35,18,0,117.036970315827,87.7911195678711,0,0,1,3.865,3.46
-15,35,-15,35,17,0,120.901968179597,87.7911195678711,0,0,1,3.865,3.46
-16,35,-16,35,16,0,124.766969858063,87.7911195678711,0,0,1,3.865,3.46
-17,35,-17,35,15,0,128.63197153653,87.7911195678711,0,0,1,3.865,3.46
-18,35,-18,35,14,0,132.4969694003,87.7911195678711,0,0,1,3.865,3.46
-19,35,-19,35,13,0,136.361967264069,87.7911195678711,0,0,1,3.865,3.46
-20,35,-20,35,12,0,140.226972757233,87.7911195678711,0,0,1,3.865,3.46
-21,35,-21,35,11,0,144.091970621003,87.7911195678711,0,0,1,3.865,3.46
-22,35,-22,35,10,0,147.956968484772,87.7911195678711,0,0,1,3.865,3.46
-23,35,-23,35,9,0,151.821966348542,87.7911195678711,0,0,1,3.865,3.46
-24,35,-24,35,8,0,155.686971841706,87.7911195678711,0,0,1,3.865,3.46
-25,35,-25,35,7,0,159.551969705476,87.7911195678711,0,0,1,3.865,3.46
-26,35,-26,35,6,0,163.416967569245,87.7911195678711,0,0,1,3.865,3.46
-27,35,-27,35,5,0,167.281973062409,87.7911195678711,0,0,1,3.865,3.46
-28,35,-28,35,4,0,171.146970926179,87.7911195678711,0,0,1,3.865,3.46
-29,35,-29,35,3,0,175.011968789948,87.7911195678711,0,0,1,3.865,3.46
-30,35,-30,35,2,0,178.876966653718,87.7911195678711,0,0,1,3.865,3.46
-31,35,-31,35,1,0,182.741972146882,87.7911195678711,0,0,1,3.865,3.46
-31,36,-31,36,1,0,182.739204147684,84.3311204833984,0,0,1,3.865,3.46
-30,36,-30,36,2,0,178.87419865452,84.3311204833984,0,0,1,3.865,3.46
-29,36,-29,36,3,0,175.009200790751,84.3311204833984,0,0,1,3.865,3.46
-28,36,-28,36,4,0,171.144202926981,84.3311204833984,0,0,1,3.865,3.46
-27,36,-27,36,5,0,167.279205063212,84.3311204833984,0,0,1,3.865,3.46
-26,36,-26,36,6,0,163.414199570047,84.3311204833984,0,0,1,3.865,3.46
-25,36,-25,36,7,0,159.549201706278,84.3311204833984,0,0,1,3.865,3.46
-24,36,-24,36,8,0,155.684203842508,84.3311204833984,0,0,1,3.865,3.46
-23,36,-23,36,9,0,151.819198349344,84.3311204833984,0,0,1,3.865,3.46
-22,36,-22,36,10,0,147.954200485575,84.3311204833984,0,0,1,3.865,3.46
-21,36,-21,36,11,0,144.089202621805,84.3311204833984,0,0,1,3.865,3.46
-20,36,-20,36,12,0,140.224204758036,84.3311204833984,0,0,1,3.865,3.46
-19,36,-19,36,13,0,136.359199264872,84.3311204833984,0,0,1,3.865,3.46
-18,36,-18,36,14,0,132.494201401102,84.3311204833984,0,0,1,3.865,3.46
-17,36,-17,36,15,0,128.629203537333,84.3311204833984,0,0,1,3.865,3.46
-16,36,-16,36,16,0,124.764201858866,84.3311204833984,0,0,1,3.865,3.46
-15,36,-15,36,17,0,120.899200180399,84.3311204833984,0,0,1,3.865,3.46
-14,36,-14,36,18,0,117.03420231663,84.3311204833984,0,0,1,3.865,3.46
-13,36,-13,36,19,0,113.169200638163,84.3311204833984,0,0,1,3.865,3.46
-12,36,-12,36,20,0,109.304202774393,84.3311204833984,0,0,1,3.865,3.46
-11,36,-11,36,20,0,105.439201095926,84.3311204833984,0,0,1,3.865,3.46
-10,36,-10,36,20,0,101.574203232157,84.3311204833984,0,0,1,3.865,3.46
-9,36,-9,36,20,0,97.7092015536901,84.3311204833984,0,0,1,3.865,3.46
-8,36,-8,36,20,0,93.8442017825719,84.3311204833984,0,0,1,3.865,3.46
-7,36,-7,36,20,0,89.9792020114537,84.3311204833984,0,0,1,3.865,3.46
-6,36,-6,36,20,0,86.1142022403356,84.3311204833984,0,0,1,3.865,3.46
-5,36,-5,36,20,0,82.2492024692174,84.3311204833984,0,0,1,3.865,3.46
-4,36,-4,36,20,0,78.3842017444249,84.3311204833984,0,0,1,3.865,3.46
-3,36,-3,36,20,0,74.5192019733067,84.3311204833984,0,0,1,3.865,3.46
-2,36,-2,36,19,0,70.6542017253514,84.3311204833984,0,0,1,3.865,3.46
-1,36,-1,36,18,0,66.7892017158147,84.3311204833984,0,0,1,3.865,3.46
0,36,0,36,17,0,62.9242017062779,84.3311204833984,0,0,1,3.865,3.46
1,36,1,36,16,0,59.0592016967412,84.3311204833984,0,0,1,3.865,3.46
2,36,2,36,15,0,55.1942016872045,84.3311204833984,0,0,1,3.865,3.46
3,36,3,36,14,0,51.3292014392491,84.3311204833984,0,0,1,3.865,3.46
4,36,4,36,13,0,47.464201668131,84.3311204833984,0,0,1,3.865,3.46
5,36,5,36,12,0,43.5992009433385,84.3311204833984,0,0,1,3.865,3.46
6,36,6,36,11,0,39.7342011722203,84.3311204833984,0,0,1,3.865,3.46
7,36,7,36,10,0,35.8692014011022,84.3311204833984,0,0,1,3.865,3.46
8,36,8,36,9,0,32.004201629984,84.3311204833984,0,0,1,3.865,3.46
9,36,9,36,8,0,28.1392018588658,84.3311204833984,0,0,1,3.865,3.46
10,36,10,36,7,0,24.274200180399,84.3311204833984,0,0,1,3.865,3.46
11,36,11,36,6,0,20.4092023166295,84.3311204833984,0,0,1,3.865,3.46
12,36,12,36,5,0,16.5442006381627,84.3311204833984,0,0,1,3.865,3.46
13,36,13,36,4,0,12.6792027743932,84.3311204833984,0,0,1,3.865,3.46
14,36,14,36,3,0,8.81420109592638,84.3311204833984,0,0,1,3.865,3.46
15,36,15,36,2,0,4.94920323215685,84.3311204833984,0,0,1,3.865,3.46
16,36,16,36,1,0,1.08420155369005,84.3311204833984,0,0,1,3.865,3.46
16,37,16,37,1,0,1.08143354838889,80.8711137695312,0,0,1,3.865,3.46
15,37,15,37,2,0,4.94643522685568,80.8711137695312,0,0,1,3.865,3.46
14,37,14,37,3,0,8.81143309062521,80.8711137695312,0,0,1,3.865,3.46
13,37,13,37,4,0,12.676434769092,80.8711137695312,0,0,1,3.865,3.46
12,37,12,37,5,0,16.5414326328615,80.8711137695312,0,0,1,3.865,3.46
11,37,11,37,6,0,20.4064343113283,80.8711137695312,0,0,1,3.865,3.46
10,37,10,37,7,0,24.2714321750979,80.8711137695312,0,0,1,3.865,3.46
9,37,9,37,8,0,28.1364338535647,80.8711137695312,0,0,1,3.865,3.46
8,37,8,37,9,0,32.0014336246828,80.8711137695312,0,0,1,3.865,3.46
7,37,7,37,10,0,35.866433395801,80.8711137695312,0,0,1,3.865,3.46
6,37,6,37,11,0,39.7314331669192,80.8711137695312,0,0,1,3.865,3.46
5,37,5,37,12,0,43.5964329380373,80.8711137695312,0,0,1,3.865,3.46
4,37,4,37,13,0,47.4614336628298,80.8711137695312,0,0,1,3.865,3.46
3,37,3,37,14,0,51.326433433948,80.8711137695312,0,0,1,3.865,3.46
2,37,2,37,15,0,55.1914336819033,80.8711137695312,0,0,1,3.865,3.46
1,37,1,37,16,0,59.05643369144,80.8711137695312,0,0,1,3.865,3.46
0,37,0,37,17,0,62.9214337009768,80.8711137695312,0,0,1,3.865,3.46
-1,37,-1,37,18,0,66.7864337105135,80.8711137695312,0,0,1,3.865,3.46
-2,37,-2,37,19,0,70.6514337200503,80.8711137695312,0,0,1,3.865,3.46
-3,37,-3,37,19,0,74.5164339680056,80.8711137695312,0,0,1,3.865,3.46
-4,37,-4,37,19,0,78.3814337391238,80.8711137695312,0,0,1,3.865,3.46
-5,37,-5,37,19,0,82.2464344639162,80.8711137695312,0,0,1,3.865,3.46
-6,37,-6,37,19,0,86.1114342350344,80.8711137695312,0,0,1,3.865,3.46
-7,37,-7,37,19,0,89.9764340061526,80.8711137695312,0,0,1,3.865,3.46
-8,37,-8,37,19,0,93.8414337772707,80.8711137695312,0,0,1,3.865,3.46
-9,37,-9,37,19,0,97.7064335483889,80.8711137695312,0,0,1,3.865,3.46
-10,37,-10,37,19,0,101.571435226856,80.8711137695312,0,0,1,3.865,3.46
-11,37,-11,37,19,0,105.436433090625,80.8711137695312,0,0,1,3.865,3.46
-12,37,-12,37,19,0,109.301434769092,80.8711137695312,0,0,1,3.865,3.46
-13,37,-13,37,19,0,113.166432632862,80.8711137695312,0,0,1,3.865,3.46
-14,37,-14,37,18,0,117.031434311328,80.8711137695312,0,0,1,3.865,3.46
-15,37,-15,37,17,0,120.896432175098,80.8711137695312,0,0,1,3.865,3.46
-16,37,-16,37,16,0,124.761433853565,80.8711137695312,0,0,1,3.865,3.46
-17,37,-17,37,15,0,128.626435532031,80.8711137695312,0,0,1,3.865,3.46
-18,37,-18,37,14,0,132.491433395801,80.8711137695312,0,0,1,3.865,3.46
-19,37,-19,37,13,0,136.356431259571,80.8711137695312,0,0,1,3.865,3.46
-20,37,-20,37,12,0,140.221436752735,80.8711137695312,0,0,1,3.865,3.46
-21,37,-21,37,11,0,144.086434616504,80.8711137695312,0,0,1,3.865,3.46
-22,37,-22,37,10,0,147.951432480274,80.8711137695312,0,0,1,3.865,3.46
-23,37,-23,37,9,0,151.816430344043,80.8711137695312,0,0,1,3.865,3.46
-24,37,-24,37,8,0,155.681435837207,80.8711137695312,0,0,1,3.865,3.46
-25,37,-25,37,7,0,159.546433700977,80.8711137695312,0,0,1,3.865,3.46
-26,37,-26,37,6,0,163.411431564746,80.8711137695312,0,0,1,3.865,3.46
-27,37,-27,37,5,0,167.27643705791,80.8711137695312,0,0,1,3.865,3.46
-28,37,-28,37,4,0,171.14143492168,80.8711137695312,0,0,1,3.865,3.46
-29,37,-29,37,3,0,175.006432785449,80.8711137695312,0,0,1,3.865,3.46
-30,37,-30,37,2,0,178.871430649219,80.8711137695312,0,0,1,3.865,3.46
-31,37,-31,37,1,0,182.736436142383,80.8711137695312,0,0,1,3.865,3.46
-31,38,-31,38,1,0,182.733668149289,77.4111223144531,0,0,1,3.865,3.46
-30,38,-30,38,2,0,178.868662656125,77.4111223144531,0,0,1,3.865,3.46
-29,38,-29,38,3,0,175.003664792355,77.4111223144531,0,0,1,3.865,3.46
-28,38,-28,38,4,0,171.138666928586,77.4111223144531,0,0,1,3.865,3.46
-27,38,-27,38,5,0,167.273669064816,77.4111223144531,0,0,1,3.865,3.46
-26,38,-26,38,6,0,163.408663571652,77.4111223144531,0,0,1,3.865,3.46
-25,38,-25,38,7,0,159.543665707883,77.4111223144531,0,0,1,3.865,3.46
-24,38,-24,38,8,0,155.678667844113,77.4111223144531,0,0,1,3.865,3.46
-23,38,-23,38,9,0,151.813662350949,77.4111223144531,0,0,1,3.865,3.46
-22,38,-22,38,10,0,147.94866448718,77.4111223144531,0,0,1,3.865,3.46
-21,38,-21,38,11,0,144.08366662341,77.4111223144531,0,0,1,3.865,3.46
-20,38,-20,38,12,0,140.21866875964,77.4111223144531,0,0,1,3.865,3.46
-19,38,-19,38,13,0,136.353663266476,77.4111223144531,0,0,1,3.865,3.46
-18,38,-18,38,14,0,132.488665402707,77.4111223144531,0,0,1,3.865,3.46
-17,38,-17,38,15,0,128.623667538937,77.4111223144531,0,0,1,3.865,3.46
-16,38,-16,38,16,0,124.758665860471,77.4111223144531,0,0,1,3.865,3.46
-15,38,-15,38,17,0,120.893664182004,77.4111223144531,0,0,1,3.865,3.46
-14,38,-14,38,17,0,117.028666318234,77.4111223144531,0,0,1,3.865,3.46
-13,38,-13,38,18,0,113.163664639767,77.4111223144531,0,0,1,3.865,3.46
-12,38,-12,38,18,0,109.298666775998,77.4111223144531,0,0,1,3.865,3.46
-11,38,-11,38,18,0,105.433665097531,77.4111223144531,0,0,1,3.865,3.46
-10,38,-10,38,18,0,101.568667233762,77.4111223144531,0,0,1,3.865,3.46
-9,38,-9,38,18,0,97.7036655552948,77.4111223144531,0,0,1,3.865,3.46
-8,38,-8,38,18,0,93.8386657841766,77.4111223144531,0,0,1,3.865,3.46
-7,38,-7,38,18,0,89.9736660130584,77.4111223144531,0,0,1,3.865,3.46
-6,38,-6,38,18,0,86.1086662419403,77.4111223144531,0,0,1,3.865,3.46
-5,38,-5,38,18,0,82.2436664708221,77.4111223144531,0,0,1,3.865,3.46
-4,38,-4,38,18,0,78.3786657460296,77.4111223144531,0,0,1,3.865,3.46
-3,38,-3,38,18,0,74.5136659749114,77.4111223144531,0,0,1,3.865,3.46
-2,38,-2,38,18,0,70.6486657269561,77.4111223144531,0,0,1,3.865,3.46
-1,38,-1,38,17,0,66.7836657174194,77.4111223144531,0,0,1,3.865,3.46
0,38,0,38,16,0,62.9186657078826,77.4111223144531,0,0,1,3.865,3.46
1,38,1,38,15,0,59.0536656983459,77.4111223144531,0,0,1,3.865,3.46
2,38,2,38,14,0,55.1886656888092,77.4111223144531,0,0,1,3.865,3.46
3,38,3,38,13,0,51.3236654408538,77.4111223144531,0,0,1,3.865,3.46
4,38,4,38,12,0,47.4586656697357,77.4111223144531,0,0,1,3.865,3.46
5,38,5,38,11,0,43.5936649449432,77.4111223144531,0,0,1,3.865,3.46
6,38,6,38,10,0,39.728665173825,77.4111223144531,0,0,1,3.865,3.46
7,38,7,38,9,0,35.8636654027069,77.4111223144531,0,0,1,3.865,3.46
8,38,8,38,8,0,31.9986656315887,77.4111223144531,0,0,1,3.865,3.46
9,38,9,38,7,0,28.1336658604705,77.4111223144531,0,0,1,3.865,3.46
10,38,10,38,6,0,24.2686641820037,77.4111223144531,0,0,1,3.865,3.46
11,38,11,38,5,0,20.4036663182342,77.4111223144531,0,0,1,3.865,3.46
12,38,12,38,4,0,16.5386646397674,77.4111223144531,0,0,1,3.865,3.46
13,38,13,38,3,0,12.6736667759979,77.4111223144531,0,0,1,3.865,3.46
14,38,14,38,2,0,8.80866509753108,77.4111223144531,0,0,1,3.865,3.46
15,38,15,38,1,0,4.94366723376154,77.4111223144531,0,0,1,3.865,3.46
15,39,15,39,1,0,4.94089922846038,73.9511156005859,0,0,1,3.865,3.46
14,39,14,39,2,0,8.80589709222991,73.9511156005859,0,0,1,3.865,3.46
13,39,13,39,3,0,12.6708987706967,73.9511156005859,0,0,1,3.865,3.46
12,39,12,39,4,0,16.5358966344662,73.9511156005859,0,0,1,3.865,3.46
11,39,11,39,5,0,20.400898312933,73.9511156005859,0,0,1,3.865,3.46
10,39,10,39,6,0,24.2658961767026,73.9511156005859,0,0,1,3.865,3.46
9,39,9,39,7,0,28.1308978551694,73.9511156005859,0,0,1,3.865,3.46
8,39,8,39,8,0,31.9958976262875,73.9511156005859,0,0,1,3.865,3.46
7,39,7,39,9,0,35.8608973974057,73.9511156005859,0,0,1,3.865,3.46
6,39,6,39,10,0,39.7258971685239,73.9511156005859,0,0,1,3.865,3.46
5,39,5,39,11,0,43.590896939642,73.9511156005859,0,0,1,3.865,3.46
4,39,4,39,12,0,47.4558976644345,73.9511156005859,0,0,1,3.865,3.46
3,39,3,39,13,0,51.3208974355527,73.9511156005859,0,0,1,3.865,3.46
2,39,2,39,14,0,55.185897683508,73.9511156005859,0,0,1,3.865,3.46
1,39,1,39,15,0,59.0508976930447,73.9511156005859,0,0,1,3.865,3.46
0,39,0,39,16,0,62.9158977025815,73.9511156005859,0,0,1,3.865,3.46
-1,39,-1,39,16,0,66.7808977121182,73.9511156005859,0,0,1,3.865,3.46
-2,39,-2,39,17,0,70.645897721655,73.9511156005859,0,0,1,3.865,3.46
-3,39,-3,39,17,0,74.5108979696103,73.9511156005859,0,0,1,3.865,3.46
-4,39,-4,39,17,0,78.3758977407284,73.9511156005859,0,0,1,3.865,3.46
-5,39,-5,39,17,0,82.2408984655209,73.9511156005859,0,0,1,3.865,3.46
-6,39,-6,39,17,0,86.1058982366391,73.9511156005859,0,0,1,3.865,3.46
-7,39,-7,39,17,0,89.9708980077573,73.9511156005859,0,0,1,3.865,3.46
-8,39,-8,39,17,0,93.8358977788754,73.9511156005859,0,0,1,3.865,3.46
-9,39,-9,39,17,0,97.7008975499936,73.9511156005859,0,0,1,3.865,3.46
-10,39,-10,39,17,0,101.56589922846,73.9511156005859,0,0,1,3.865,3.46
-11,39,-11,39,17,0,105.43089709223,73.9511156005859,0,0,1,3.865,3.46
-12,39,-12,39,17,0,109.295898770697,73.9511156005859,0,0,1,3.865,3.46
-13,39,-13,39,17,0,113.160896634466,73.9511156005859,0,0,1,3.865,3.46
-14,39,-14,39,16,0,117.025898312933,73.9511156005859,0,0,1,3.865,3.46
-15,39,-15,39,16,0,120.890896176703,73.9511156005859,0,0,1,3.865,3.46
-16,39,-16,39,16,0,124.755897855169,73.9511156005859,0,0,1,3.865,3.46
-17,39,-17,39,15,0,128.620899533636,73.9511156005859,0,0,1,3.865,3.46
-18,39,-18,39,14,0,132.485897397406,73.9511156005859,0,0,1,3.865,3.46
-19,39,-19,39,13,0,136.350895261175,73.9511156005859,0,0,1,3.865,3.46
-20,39,-20,39,12,0,140.215900754339,73.9511156005859,0,0,1,3.865,3.46
-21,39,-21,39,11,0,144.080898618109,73.9511156005859,0,0,1,3.865,3.46
-22,39,-22,39,10,0,147.945896481878,73.9511156005859,0,0,1,3.865,3.46
-23,39,-23,39,9,0,151.810894345648,73.9511156005859,0,0,1,3.865,3.46
-24,39,-24,39,8,0,155.675899838812,73.9511156005859,0,0,1,3.865,3.46
-25,39,-25,39,7,0,159.540897702581,73.9511156005859,0,0,1,3.865,3.46
-26,39,-26,39,6,0,163.405895566351,73.9511156005859,0,0,1,3.865,3.46
-27,39,-27,39,5,0,167.270901059515,73.9511156005859,0,0,1,3.865,3.46
-28,39,-28,39,4,0,171.135898923285,73.9511156005859,0,0,1,3.865,3.46
-29,39,-29,39,3,0,175.000896787054,73.9511156005859,0,0,1,3.865,3.46
-30,39,-30,39,2,0,178.865894650824,73.9511156005859,0,0,1,3.865,3.46
-31,39,-31,39,1,0,182.730900143988,73.9511156005859,0,0,1,3.865,3.46
-30,40,-30,40,1,0,178.86312665773,70.4911241455078,0,0,1,3.865,3.46
-29,40,-29,40,2,0,174.99812879396,70.4911241455078,0,0,1,3.865,3.46
-28,40,-28,40,3,0,171.13313093019,70.4911241455078,0,0,1,3.865,3.46
-27,40,-27,40,4,0,167.268133066421,70.4911241455078,0,0,1,3.865,3.46
-26,40,-26,40,5,0,163.403127573257,70.4911241455078,0,0,1,3.865,3.46
-25,40,-25,40,6,0,159.538129709487,70.4911241455078,0,0,1,3.865,3.46
-24,40,-24,40,7,0,155.673131845718,70.4911241455078,0,0,1,3.865,3.46
-23,40,-23,40,8,0,151.808126352554,70.4911241455078,0,0,1,3.865,3.46
-22,40,-22,40,9,0,147.943128488784,70.4911241455078,0,0,1,3.865,3.46
-21,40,-21,40,10,0,144.078130625015,70.4911241455078,0,0,1,3.865,3.46
-20,40,-20,40,11,0,140.213132761245,70.4911241455078,0,0,1,3.865,3.46
-19,40,-19,40,12,0,136.348127268081,70.4911241455078,0,0,1,3.865,3.46
-18,40,-18,40,13,0,132.483129404312,70.4911241455078,0,0,1,3.865,3.46
-17,40,-17,40,14,0,128.618131540542,70.4911241455078,0,0,1,3.865,3.46
-16,40,-16,40,15,0,124.753129862075,70.4911241455078,0,0,1,3.865,3.46
-15,40,-15,40,15,0,120.888128183608,70.4911241455078,0,0,1,3.865,3.46
-14,40,-14,40,15,0,117.023130319839,70.4911241455078,0,0,1,3.865,3.46
-13,40,-13,40,16,0,113.158128641372,70.4911241455078,0,0,1,3.865,3.46
-12,40,-12,40,16,0,109.293130777603,70.4911241455078,0,0,1,3.865,3.46
-11,40,-11,40,16,0,105.428129099136,70.4911241455078,0,0,1,3.865,3.46
-10,40,-10,40,16,0,101.563131235366,70.4911241455078,0,0,1,3.865,3.46
-9,40,-9,40,16,0,97.6981295568994,70.4911241455078,0,0,1,3.865,3.46
-8,40,-8,40,16,0,93.8331297857813,70.4911241455078,0,0,1,3.865,3.46
-7,40,-7,40,16,0,89.9681300146631,70.4911241455078,0,0,1,3.865,3.46
-6,40,-6,40,16,0,86.103130243545,70.4911241455078,0,0,1,3.865,3.46
-5,40,-5,40,16,0,82.2381304724268,70.4911241455078,0,0,1,3.865,3.46
-4,40,-4,40,16,0,78.3731297476343,70.4911241455078,0,0,1,3.865,3.46
-3,40,-3,40,16,0,74.5081299765161,70.4911241455078,0,0,1,3.865,3.46
-2,40,-2,40,16,0,70.6431297285608,70.4911241455078,0,0,1,3.865,3.46
-1,40,-1,40,15,0,66.7781297190241,70.4911241455078,0,0,1,3.865,3.46
0,40,0,40,15,0,62.9131297094873,70.4911241455078,0,0,1,3.865,3.46
1,40,1,40,15,0,59.0481296999506,70.4911241455078,0,0,1,3.865,3.46
2,40,2,40,14,0,55.1831296904138,70.4911241455078,0,0,1,3.865,3.46
3,40,3,40,13,0,51.3181294424585,70.4911241455078,0,0,1,3.865,3.46
4,40,4,40,12,0,47.4531296713404,70.4911241455078,0,0,1,3.865,3.46
5,40,5,40,11,0,43.5881289465479,70.4911241455078,0,0,1,3.865,3.46
6,40,6,40,10,0,39.7231291754297,70.4911241455078,0,0,1,3.865,3.46
7,40,7,40,9,0,35.8581294043116,70.4911241455078,0,0,1,3.865,3.46
8,40,8,40,8,0,31.9931296331934,70.4911241455078,0,0,1,3.865,3.46
9,40,9,40,7,0,28.1281298620752,70.4911241455078,0,0,1,3.865,3.46
10,40,10,40,6,0,24.2631281836084,70.4911241455078,0,0,1,3.865,3.46
11,40,11,40,5,0,20.3981303198389,70.4911241455078,0,0,1,3.865,3.46
12,40,12,40,4,0,16.5331286413721,70.4911241455078,0,0,1,3.865,3.46
13,40,13,40,3,0,12.6681307776026,70.4911241455078,0,0,1,3.865,3.46
14,40,14,40,2,0,8.80312909913577,70.4911241455078,0,0,1,3.865,3.46
15,40,15,40,1,0,4.93813123536624,70.4911241455078,0,0,1,3.865,3.46
14,41,14,41,1,0,8.8003610938346,67.0311174316406,0,0,1,3.865,3.46
13,41,13,41,2,0,12.6653627723014,67.0311174316406,0,0,1,3.865,3.46
12,41,12,41,3,0,16.5303606360709,67.0311174316406,0,0,1,3.865,3.46
11,41,11,41,4,0,20.3953623145377,67.0311174316406,0,0,1,3.865,3.46
10,41,10,41,5,0,24.2603601783073,67.0311174316406,0,0,1,3.865,3.46
9,41,9,41,6,0,28.1253618567741,67.0311174316406,0,0,1,3.865,3.46
8,41,8,41,7,0,31.9903616278922,67.0311174316406,0,0,1,3.865,3.46
7,41,7,41,8,0,35.8553613990104,67.0311174316406,0,0,1,3.865,3.46
6,41,6,41,9,0,39.7203611701285,67.0311174316406,0,0,1,3.865,3.46
5,41,5,41,10,0,43.5853609412467,67.0311174316406,0,0,1,3.865,3.46
4,41,4,41,11,0,47.4503616660392,67.0311174316406,0,0,1,3.865,3.46
3,41,3,41,12,0,51.3153614371574,67.0311174316406,0,0,1,3.865,3.46
2,41,2,41,13,0,55.1803616851127,67.0311174316406,0,0,1,3.865,3.46
1,41,1,41,14,0,59.0453616946494,67.0311174316406,0,0,1,3.865,3.46
0,41,0,41,14,0,62.9103617041862,67.0311174316406,0,0,1,3.865,3.46
-1,41,-1,41,14,0,66.7753617137229,67.0311174316406,0,0,1,3.865,3.46
-2,41,-2,41,15,0,70.6403617232596,67.0311174316406,0,0,1,3.865,3.46
-3,41,-3,41,15,0,74.505361971215,67.0311174316406,0,0,1,3.865,3.46
-4,41,-4,41,15,0,78.3703617423331,67.0311174316406,0,0,1,3.865,3.46
-5,41,-5,41,15,0,82.2353624671256,67.0311174316406,0,0,1,3.865,3.46
-6,41,-6,41,15,0,86.1003622382438,67.0311174316406,0,0,1,3.865,3.46
-7,41,-7,41,15,0,89.965362009362,67.0311174316406,0,0,1,3.865,3.46
-8,41,-8,41,15,0,93.8303617804801,67.0311174316406,0,0,1,3.865,3.46
-9,41,-9,41,15,0,97.6953615515983,67.0311174316406,0,0,1,3.865,3.46
-10,41,-10,41,15,0,101.560363230065,67.0311174316406,0,0,1,3.865,3.46
-11,41,-11,41,15,0,105.425361093835,67.0311174316406,0,0,1,3.865,3.46
-12,41,-12,41,15,0,109.290362772301,67.0311174316406,0,0,1,3.865,3.46
-13,41,-13,41,15,0,113.155360636071,67.0311174316406,0,0,1,3.865,3.46
-14,41,-14,41,14,0,117.020362314538,67.0311174316406,0,0,1,3.865,3.46
-15,41,-15,41,14,0,120.885360178307,67.0311174316406,0,0,1,3.865,3.46
-16,41,-16,41,14,0,124.750361856774,67.0311174316406,0,0,1,3.865,3.46
-17,41,-17,41,13,0,128.615363535241,67.0311174316406,0,0,1,3.865,3.46
-18,41,-18,41,13,0,132.48036139901,67.0311174316406,0,0,1,3.865,3.46
-19,41,-19,41,12,0,136.34535926278,67.0311174316406,0,0,1,3.865,3.46
-20,41,-20,41,11,0,140.210364755944,67.0311174316406,0,0,1,3.865,3.46
-21,41,-21,41,10,0,144.075362619714,67.0311174316406,0,0,1,3.865,3.46
-22,41,-22,41,9,0,147.940360483483,67.0311174316406,0,0,1,3.865,3.46
-23,41,-23,41,8,0,151.805358347253,67.0311174316406,0,0,1,3.865,3.46
-24,41,-24,41,7,0,155.670363840417,67.0311174316406,0,0,1,3.865,3.46
-25,41,-25,41,6,0,159.535361704186,67.0311174316406,0,0,1,3.865,3.46
-26,41,-26,41,5,0,163.400359567956,67.0311174316406,0,0,1,3.865,3.46
-27,41,-27,41,4,0,167.26536506112,67.0311174316406,0,0,1,3.865,3.46
-28,41,-28,41,3,0,171.130362924889,67.0311174316406,0,0,1,3.865,3.46
-29,41,-29,41,2,0,174.995360788659,67.0311174316406,0,0,1,3.865,3.46
-30,41,-30,41,1,0,178.860358652428,67.0311174316406,0,0,1,3.865,3.46
-29,42,-29,42,1,0,174.992592783358,63.5711107177734,0,0,1,3.865,3.46
-28,42,-28,42,2,0,171.127594919588,63.5711107177734,0,0,1,3.865,3.46
-27,42,-27,42,3,0,167.262597055819,63.5711107177734,0,0,1,3.865,3.46
-26,42,-26,42,4,0,163.397591562655,63.5711107177734,0,0,1,3.865,3.46
-25,42,-25,42,5,0,159.532593698885,63.5711107177734,0,0,1,3.865,3.46
-24,42,-24,42,6,0,155.667595835115,63.5711107177734,0,0,1,3.865,3.46
-23,42,-23,42,7,0,151.802590341951,63.5711107177734,0,0,1,3.865,3.46
-22,42,-22,42,8,0,147.937592478182,63.5711107177734,0,0,1,3.865,3.46
-21,42,-21,42,9,0,144.072594614412,63.5711107177734,0,0,1,3.865,3.46
-20,42,-20,42,10,0,140.207596750643,63.5711107177734,0,0,1,3.865,3.46
-19,42,-19,42,11,0,136.342591257479,63.5711107177734,0,0,1,3.865,3.46
-18,42,-18,42,12,0,132.477593393709,63.5711107177734,0,0,1,3.865,3.46
-17,42,-17,42,12,0,128.61259552994,63.5711107177734,0,0,1,3.865,3.46
-16,42,-16,42,13,0,124.747593851473,63.5711107177734,0,0,1,3.865,3.46
-15,42,-15,42,13,0,120.882592173006,63.5711107177734,0,0,1,3.865,3.46
-14,42,-14,42,13,0,117.017594309237,63.5711107177734,0,0,1,3.865,3.46
-13,42,-13,42,14,0,113.15259263077,63.5711107177734,0,0,1,3.865,3.46
-12,42,-12,42,14,0,109.287594767,63.5711107177734,0,0,1,3.865,3.46
-11,42,-11,42,14,0,105.422593088533,63.5711107177734,0,0,1,3.865,3.46
-10,42,-10,42,14,0,101.557595224764,63.5711107177734,0,0,1,3.865,3.46
-9,42,-9,42,14,0,97.6925935462971,63.5711107177734,0,0,1,3.865,3.46
-8,42,-8,42,14,0,93.827593775179,63.5711107177734,0,0,1,3.865,3.46
-7,42,-7,42,14,0,89.9625940040608,63.5711107177734,0,0,1,3.865,3.46
-6,42,-6,42,14,0,86.0975942329426,63.5711107177734,0,0,1,3.865,3.46
-5,42,-5,42,14,0,82.2325944618245,63.5711107177734,0,0,1,3.865,3.46
-4,42,-4,42,14,0,78.367593737032,63.5711107177734,0,0,1,3.865,3.46
-3,42,-3,42,14,0,74.5025939659138,63.5711107177734,0,0,1,3.865,3.46
-2,42,-2,42,14,0,70.6375937179585,63.5711107177734,0,0,1,3.865,3.46
-1,42,-1,42,13,0,66.7725937084217,63.5711107177734,0,0,1,3.865,3.46
0,42,0,42,13,0,62.907593698885,63.5711107177734,0,0,1,3.865,3.46
1,42,1,42,13,0,59.0425936893483,63.5711107177734,0,0,1,3.865,3.46
2,42,2,42,12,0,55.1775936798115,63.5711107177734,0,0,1,3.865,3.46
3,42,3,42,12,0,51.3125934318562,63.5711107177734,0,0,1,3.865,3.46
4,42,4,42,11,0,47.447593660738,63.5711107177734,0,0,1,3.865,3.46
5,42,5,42,10,0,43.5825929359455,63.5711107177734,0,0,1,3.865,3.46
6,42,6,42,9,0,39.7175931648274,63.5711107177734,0,0,1,3.865,3.46
7,42,7,42,8,0,35.8525933937092,63.5711107177734,0,0,1,3.865,3.46
8,42,8,42,7,0,31.9875936225911,63.5711107177734,0,0,1,3.865,3.46
9,42,9,42,6,0,28.1225938514729,63.5711107177734,0,0,1,3.865,3.46
10,42,10,42,5,0,24.2575921730061,63.5711107177734,0,0,1,3.865,3.46
11,42,11,42,4,0,20.3925943092366,63.5711107177734,0,0,1,3.865,3.46
12,42,12,42,3,0,16.5275926307698,63.5711107177734,0,0,1,3.865,3.46
13,42,13,42,2,0,12.6625947670002,63.5711107177734,0,0,1,3.865,3.46
14,42,14,42,1,0,8.79759308853344,63.5711107177734,0,0,1,3.865,3.46
13,43,13,43,1,0,12.6598267739061,60.1111192626953,0,0,1,3.865,3.46
12,43,12,43,2,0,16.5248246376756,60.1111192626953,0,0,1,3.865,3.46
11,43,11,43,3,0,20.3898263161424,60.1111192626953,0,0,1,3.865,3.46
10,43,10,43,4,0,24.254824179912,60.1111192626953,0,0,1,3.865,3.46
9,43,9,43,5,0,28.1198258583788,60.1111192626953,0,0,1,3.865,3.46
8,43,8,43,6,0,31.9848256294969,60.1111192626953,0,0,1,3.865,3.46
7,43,7,43,7,0,35.8498254006151,60.1111192626953,0,0,1,3.865,3.46
6,43,6,43,8,0,39.7148251717332,60.1111192626953,0,0,1,3.865,3.46
5,43,5,43,9,0,43.5798249428514,60.1111192626953,0,0,1,3.865,3.46
4,43,4,43,10,0,47.4448256676439,60.1111192626953,0,0,1,3.865,3.46
3,43,3,43,11,0,51.3098254387621,60.1111192626953,0,0,1,3.865,3.46
2,43,2,43,11,0,55.1748256867174,60.1111192626953,0,0,1,3.865,3.46
1,43,1,43,12,0,59.0398256962541,60.1111192626953,0,0,1,3.865,3.46
0,43,0,43,12,0,62.9048257057909,60.1111192626953,0,0,1,3.865,3.46
-1,43,-1,43,12,0,66.7698257153276,60.1111192626953,0,0,1,3.865,3.46
-2,43,-2,43,13,0,70.6348257248644,60.1111192626953,0,0,1,3.865,3.46
-3,43,-3,43,13,0,74.4998259728197,60.1111192626953,0,0,1,3.865,3.46
-4,43,-4,43,13,0,78.3648257439378,60.1111192626953,0,0,1,3.865,3.46
-5,43,-5,43,13,0,82.2298264687303,60.1111192626953,0,0,1,3.865,3.46
-6,43,-6,43,13,0,86.0948262398485,60.1111192626953,0,0,1,3.865,3.46
-7,43,-7,43,13,0,89.9598260109667,60.1111192626953,0,0,1,3.865,3.46
-8,43,-8,43,13,0,93.8248257820848,60.1111192626953,0,0,1,3.865,3.46
-9,43,-9,43,13,0,97.689825553203,60.1111192626953,0,0,1,3.865,3.46
-10,43,-10,43,13,0,101.55482723167,60.1111192626953,0,0,1,3.865,3.46
-11,43,-11,43,13,0,105.419825095439,60.1111192626953,0,0,1,3.865,3.46
-12,43,-12,43,13,0,109.284826773906,60.1111192626953,0,0,1,3.865,3.46
-13,43,-13,43,13,0,113.149824637676,60.1111192626953,0,0,1,3.865,3.46
-14,43,-14,43,12,0,117.014826316142,60.1111192626953,0,0,1,3.865,3.46
-15,43,-15,43,12,0,120.879824179912,60.1111192626953,0,0,1,3.865,3.46
-16,43,-16,43,12,0,124.744825858379,60.1111192626953,0,0,1,3.865,3.46
-17,43,-17,43,11,0,128.609827536846,60.1111192626953,0,0,1,3.865,3.46
-18,43,-18,43,11,0,132.474825400615,60.1111192626953,0,0,1,3.865,3.46
-19,43,-19,43,10,0,136.339823264385,60.1111192626953,0,0,1,3.865,3.46
-20,43,-20,43,10,0,140.204828757549,60.1111192626953,0,0,1,3.865,3.46
-21,43,-21,43,9,0,144.069826621318,60.1111192626953,0,0,1,3.865,3.46
-22,43,-22,43,8,0,147.934824485088,60.1111192626953,0,0,1,3.865,3.46
-23,43,-23,43,7,0,151.799822348857,60.1111192626953,0,0,1,3.865,3.46
-24,43,-24,43,6,0,155.664827842021,60.1111192626953,0,0,1,3.865,3.46
-25,43,-25,43,5,0,159.529825705791,60.1111192626953,0,0,1,3.865,3.46
-26,43,-26,43,4,0,163.39482356956,60.1111192626953,0,0,1,3.865,3.46
-27,43,-27,43,3,0,167.259829062724,60.1111192626953,0,0,1,3.865,3.46
-28,43,-28,43,2,0,171.124826926494,60.1111192626953,0,0,1,3.865,3.46
-29,43,-29,43,1,0,174.989824790264,60.1111192626953,0,0,1,3.865,3.46
-28,44,-28,44,1,0,171.122058921193,56.6511125488281,0,0,1,3.865,3.46
-27,44,-27,44,2,0,167.257061057423,56.6511125488281,0,0,1,3.865,3.46
-26,44,-26,44,3,0,163.392055564259,56.6511125488281,0,0,1,3.865,3.46
-25,44,-25,44,4,0,159.52705770049,56.6511125488281,0,0,1,3.865,3.46
-24,44,-24,44,5,0,155.66205983672,56.6511125488281,0,0,1,3.865,3.46
-23,44,-23,44,6,0,151.797054343556,56.6511125488281,0,0,1,3.865,3.46
-22,44,-22,44,7,0,147.932056479787,56.6511125488281,0,0,1,3.865,3.46
-21,44,-21,44,8,0,144.067058616017,56.6511125488281,0,0,1,3.865,3.46
-20,44,-20,44,9,0,140.202060752248,56.6511125488281,0,0,1,3.865,3.46
-19,44,-19,44,9,0,136.337055259083,56.6511125488281,0,0,1,3.865,3.46
-18,44,-18,44,10,0,132.472057395314,56.6511125488281,0,0,1,3.865,3.46
-17,44,-17,44,10,0,128.607059531544,56.6511125488281,0,0,1,3.865,3.46
-16,44,-16,44,11,0,124.742057853078,56.6511125488281,0,0,1,3.865,3.46
-15,44,-15,44,11,0,120.877056174611,56.6511125488281,0,0,1,3.865,3.46
-14,44,-14,44,11,0,117.012058310841,56.6511125488281,0,0,1,3.865,3.46
-13,44,-13,44,12,0,113.147056632374,56.6511125488281,0,0,1,3.865,3.46
-12,44,-12,44,12,0,109.282058768605,56.6511125488281,0,0,1,3.865,3.46
-11,44,-11,44,12,0,105.417057090138,56.6511125488281,0,0,1,3.865,3.46
-10,44,-10,44,12,0,101.552059226369,56.6511125488281,0,0,1,3.865,3.46
-9,44,-9,44,12,0,97.6870575479018,56.6511125488281,0,0,1,3.865,3.46
-8,44,-8,44,12,0,93.8220577767837,56.6511125488281,0,0,1,3.865,3.46
-7,44,-7,44,12,0,89.9570580056655,56.6511125488281,0,0,1,3.865,3.46
-6,44,-6,44,12,0,86.0920582345473,56.6511125488281,0,0,1,3.865,3.46
-5,44,-5,44,12,0,82.2270584634292,56.6511125488281,0,0,1,3.865,3.46
-4,44,-4,44,12,0,78.3620577386367,56.6511125488281,0,0,1,3.865,3.46
-3,44,-3,44,12,0,74.4970579675185,56.6511125488281,0,0,1,3.865,3.46
-2,44,-2,44,12,0,70.6320577195632,56.6511125488281,0,0,1,3.865,3.46
-1,44,-1,44,11,0,66.7670577100264,56.6511125488281,0,0,1,3.865,3.46
0,44,0,44,11,0,62.9020577004897,56.6511125488281,0,0,1,3.865,3.46
1,44,1,44,11,0,59.0370576909529,56.6511125488281,0,0,1,3.865,3.46
2,44,2,44,10,0,55.1720576814162,56.6511125488281,0,0,1,3.865,3.46
3,44,3,44,10,0,51.3070574334609,56.6511125488281,0,0,1,3.865,3.46
4,44,4,44,9,0,47.4420576623427,56.6511125488281,0,0,1,3.865,3.46
5,44,5,44,9,0,43.5770569375502,56.6511125488281,0,0,1,3.865,3.46
6,44,6,44,8,0,39.7120571664321,56.6511125488281,0,0,1,3.865,3.46
7,44,7,44,7,0,35.8470573953139,56.6511125488281,0,0,1,3.865,3.46
8,44,8,44,6,0,31.9820576241957,56.6511125488281,0,0,1,3.865,3.46
9,44,9,44,5,0,28.1170578530776,56.6511125488281,0,0,1,3.865,3.46
10,44,10,44,4,0,24.2520561746108,56.6511125488281,0,0,1,3.865,3.46
11,44,11,44,3,0,20.3870583108413,56.6511125488281,0,0,1,3.865,3.46
12,44,12,44,2,0,16.5220566323745,56.6511125488281,0,0,1,3.865,3.46
13,44,13,44,1,0,12.6570587686049,56.6511125488281,0,0,1,3.865,3.46
12,45,12,45,1,0,16.5192886392803,53.19112109375,0,0,1,3.865,3.46
11,45,11,45,2,0,20.3842903177471,53.19112109375,0,0,1,3.865,3.46
10,45,10,45,3,0,24.2492881815167,53.19112109375,0,0,1,3.865,3.46
9,45,9,45,4,0,28.1142898599834,53.19112109375,0,0,1,3.865,3.46
8,45,8,45,5,0,31.9792896311016,53.19112109375,0,0,1,3.865,3.46
7,45,7,45,6,0,35.8442894022198,53.19112109375,0,0,1,3.865,3.46
6,45,6,45,7,0,39.7092891733379,53.19112109375,0,0,1,3.865,3.46
5,45,5,45,8,0,43.5742889444561,53.19112109375,0,0,1,3.865,3.46
4,45,4,45,8,0,47.4392896692486,53.19112109375,0,0,1,3.865,3.46
3,45,3,45,9,0,51.3042894403667,53.19112109375,0,0,1,3.865,3.46
2,45,2,45,9,0,55.1692896883221,53.19112109375,0,0,1,3.865,3.46
1,45,1,45,10,0,59.0342896978588,53.19112109375,0,0,1,3.865,3.46
0,45,0,45,10,0,62.8992897073956,53.19112109375,0,0,1,3.865,3.46
-1,45,-1,45,10,0,66.7642897169323,53.19112109375,0,0,1,3.865,3.46
-2,45,-2,45,11,0,70.629289726469,53.19112109375,0,0,1,3.865,3.46
-3,45,-3,45,11,0,74.4942899744244,53.19112109375,0,0,1,3.865,3.46
-4,45,-4,45,11,0,78.3592897455425,53.19112109375,0,0,1,3.865,3.46
-5,45,-5,45,11,0,82.224290470335,53.19112109375,0,0,1,3.865,3.46
-6,45,-6,45,11,0,86.0892902414532,53.19112109375,0,0,1,3.865,3.46
-7,45,-7,45,11,0,89.9542900125713,53.19112109375,0,0,1,3.865,3.46
-8,45,-8,45,11,0,93.8192897836895,53.19112109375,0,0,1,3.865,3.46
-9,45,-9,45,11,0,97.6842895548077,53.19112109375,0,0,1,3.865,3.46
-10,45,-10,45,11,0,101.549291233274,53.19112109375,0,0,1,3.865,3.46
-11,45,-11,45,11,0,105.414289097044,53.19112109375,0,0,1,3.865,3.46
-12,45,-12,45,11,0,109.279290775511,53.19112109375,0,0,1,3.865,3.46
-13,45,-13,45,11,0,113.14428863928,53.19112109375,0,0,1,3.865,3.46
-14,45,-14,45,10,0,117.009290317747,53.19112109375,0,0,1,3.865,3.46
-15,45,-15,45,10,0,120.874288181517,53.19112109375,0,0,1,3.865,3.46
-16,45,-16,45,10,0,124.739289859983,53.19112109375,0,0,1,3.865,3.46
-17,45,-17,45,9,0,128.60429153845,53.19112109375,0,0,1,3.865,3.46
-18,45,-18,45,9,0,132.46928940222,53.19112109375,0,0,1,3.865,3.46
-19,45,-19,45,8,0,136.334287265989,53.19112109375,0,0,1,3.865,3.46
-20,45,-20,45,8,0,140.199292759153,53.19112109375,0,0,1,3.865,3.46
-21,45,-21,45,7,0,144.064290622923,53.19112109375,0,0,1,3.865,3.46
-22,45,-22,45,6,0,147.929288486692,53.19112109375,0,0,1,3.865,3.46
-23,45,-23,45,5,0,151.794286350462,53.19112109375,0,0,1,3.865,3.46
-24,45,-24,45,4,0,155.659291843626,53.19112109375,0,0,1,3.865,3.46
-25,45,-25,45,3,0,159.524289707396,53.19112109375,0,0,1,3.865,3.46
-26,45,-26,45,2,0,163.389287571165,53.19112109375,0,0,1,3.865,3.46
-27,45,-27,45,1,0,167.254293064329,53.19112109375,0,0,1,3.865,3.46
-27,46,-27,46,1,0,167.251525059028,49.7311143798828,0,0,1,3.865,3.46
-26,46,-26,46,2,0,163.386519565864,49.7311143798828,0,0,1,3.865,3.46
-25,46,-25,46,3,0,159.521521702094,49.7311143798828,0,0,1,3.865,3.46
-24,46,-24,46,4,0,155.656523838325,49.7311143798828,0,0,1,3.865,3.46
-23,46,-23,46,5,0,151.791518345161,49.7311143798828,0,0,1,3.865,3.46
-22,46,-22,46,6,0,147.926520481391,49.7311143798828,0,0,1,3.865,3.46
-21,46,-21,46,6,0,144.061522617622,49.7311143798828,0,0,1,3.865,3.46
-20,46,-20,46,7,0,140.196524753852,49.7311143798828,0,0,1,3.865,3.46
-19,46,-19,46,7,0,136.331519260688,49.7311143798828,0,0,1,3.865,3.46
-18,46,-18,46,8,0,132.466521396919,49.7311143798828,0,0,1,3.865,3.46
-17,46,-17,46,8,0,128.601523533149,49.7311143798828,0,0,1,3.865,3.46
-16,46,-16,46,9,0,124.736521854682,49.7311143798828,0,0,1,3.865,3.46
-15,46,-15,46,9,0,120.871520176215,49.7311143798828,0,0,1,3.865,3.46
-14,46,-14,46,9,0,117.006522312446,49.7311143798828,0,0,1,3.865,3.46
-13,46,-13,46,10,0,113.141520633979,49.7311143798828,0,0,1,3.865,3.46
-12,46,-12,46,10,0,109.27652277021,49.7311143798828,0,0,1,3.865,3.46
-11,46,-11,46,10,0,105.411521091743,49.7311143798828,0,0,1,3.865,3.46
-10,46,-10,46,10,0,101.546523227973,49.7311143798828,0,0,1,3.865,3.46
-9,46,-9,46,10,0,97.6815215495065,49.7311143798828,0,0,1,3.865,3.46
-8,46,-8,46,10,0,93.8165217783883,49.7311143798828,0,0,1,3.865,3.46
-7,46,-7,46,10,0,89.9515220072702,49.7311143798828,0,0,1,3.865,3.46
-6,46,-6,46,10,0,86.086522236152,49.7311143798828,0,0,1,3.865,3.46
-5,46,-5,46,10,0,82.2215224650338,49.7311143798828,0,0,1,3.865,3.46
-4,46,-4,46,10,0,78.3565217402414,49.7311143798828,0,0,1,3.865,3.46
-3,46,-3,46,10,0,74.4915219691232,49.7311143798828,0,0,1,3.865,3.46
-2,46,-2,46,10,0,70.6265217211679,49.7311143798828,0,0,1,3.865,3.46
-1,46,-1,46,9,0,66.7615217116311,49.7311143798828,0,0,1,3.865,3.46
0,46,0,46,9,0,62.8965217020944,49.7311143798828,0,0,1,3.865,3.46
1,46,1,46,9,0,59.0315216925576,49.7311143798828,0,0,1,3.865,3.46
2,46,2,46,8,0,55.1665216830209,49.7311143798828,0,0,1,3.865,3.46
3,46,3,46,8,0,51.3015214350656,49.7311143798828,0,0,1,3.865,3.46
4,46,4,46,7,0,47.4365216639474,49.7311143798828,0,0,1,3.865,3.46
5,46,5,46,7,0,43.5715209391549,49.7311143798828,0,0,1,3.865,3.46
6,46,6,46,6,0,39.7065211680368,49.7311143798828,0,0,1,3.865,3.46
7,46,7,46,5,0,35.8415213969186,49.7311143798828,0,0,1,3.865,3.46
8,46,8,46,4,0,31.9765216258004,49.7311143798828,0,0,1,3.865,3.46
9,46,9,46,3,0,28.1115218546823,49.7311143798828,0,0,1,3.865,3.46
10,46,10,46,2,0,24.2465201762155,49.7311143798828,0,0,1,3.865,3.46
11,46,11,46,1,0,20.381522312446,49.7311143798828,0,0,1,3.865,3.46
10,47,10,47,1,0,24.2437521831213,46.2711229248047,0,0,1,3.865,3.46
9,47,9,47,2,0,28.1087538615881,46.2711229248047,0,0,1,3.865,3.46
8,47,8,47,3,0,31.9737536327063,46.2711229248047,0,0,1,3.865,3.46
7,47,7,47,4,0,35.8387534038245,46.2711229248047,0,0,1,3.865,3.46
6,47,6,47,5,0,39.7037531749426,46.2711229248047,0,0,1,3.865,3.46
5,47,5,47,6,0,43.5687529460608,46.2711229248047,0,0,1,3.865,3.46
4,47,4,47,6,0,47.4337536708533,46.2711229248047,0,0,1,3.865,3.46
3,47,3,47,7,0,51.2987534419714,46.2711229248047,0,0,1,3.865,3.46
2,47,2,47,7,0,55.1637536899268,46.2711229248047,0,0,1,3.865,3.46
1,47,1,47,8,0,59.0287536994635,46.2711229248047,0,0,1,3.865,3.46
0,47,0,47,8,0,62.8937537090003,46.2711229248047,0,0,1,3.865,3.46
-1,47,-1,47,8,0,66.758753718537,46.2711229248047,0,0,1,3.865,3.46
-2,47,-2,47,9,0,70.6237537280737,46.2711229248047,0,0,1,3.865,3.46
-3,47,-3,47,9,0,74.4887539760291,46.2711229248047,0,0,1,3.865,3.46
-4,47,-4,47,9,0,78.3537537471472,46.2711229248047,0,0,1,3.865,3.46
-5,47,-5,47,9,0,82.2187544719397,46.2711229248047,0,0,1,3.865,3.46
-6,47,-6,47,9,0,86.0837542430579,46.2711229248047,0,0,1,3.865,3.46
-7,47,-7,47,9,0,89.948754014176,46.2711229248047,0,0,1,3.865,3.46
-8,47,-8,47,9,0,93.8137537852942,46.2711229248047,0,0,1,3.865,3.46
-9,47,-9,47,9,0,97.6787535564124,46.2711229248047,0,0,1,3.865,3.46
-10,47,-10,47,9,0,101.543755234879,46.2711229248047,0,0,1,3.865,3.46
-11,47,-11,47,9,0,105.408753098649,46.2711229248047,0,0,1,3.865,3.46
-12,47,-12,47,9,0,109.273754777115,46.2711229248047,0,0,1,3.865,3.46
-13,47,-13,47,9,0,113.138752640885,46.2711229248047,0,0,1,3.865,3.46
-14,47,-14,47,8,0,117.003754319352,46.2711229248047,0,0,1,3.865,3.46
-15,47,-15,47,8,0,120.868752183121,46.2711229248047,0,0,1,3.865,3.46
-16,47,-16,47,8,0,124.733753861588,46.2711229248047,0,0,1,3.865,3.46
-17,47,-17,47,7,0,128.598755540055,46.2711229248047,0,0,1,3.865,3.46
-18,47,-18,47,7,0,132.463753403824,46.2711229248047,0,0,1,3.865,3.46
-19,47,-19,47,6,0,136.328751267594,46.2711229248047,0,0,1,3.865,3.46
-20,47,-20,47,6,0,140.193756760758,46.2711229248047,0,0,1,3.865,3.46
-21,47,-21,47,5,0,144.058754624528,46.2711229248047,0,0,1,3.865,3.46
-22,47,-22,47,5,0,147.923752488297,46.2711229248047,0,0,1,3.865,3.46
-23,47,-23,47,4,0,151.788750352067,46.2711229248047,0,0,1,3.865,3.46
-24,47,-24,47,3,0,155.653755845231,46.2711229248047,0,0,1,3.865,3.46
-25,47,-25,47,2,0,159.518753709,46.2711229248047,0,0,1,3.865,3.46
-26,47,-26,47,1,0,163.38375157277,46.2711229248047,0,0,1,3.865,3.46
-25,48,-25,48,1,0,159.515985703699,42.8111162109375,0,0,1,3.865,3.46
-24,48,-24,48,2,0,155.65098783993,42.8111162109375,0,0,1,3.865,3.46
-23,48,-23,48,3,0,151.785982346766,42.8111162109375,0,0,1,3.865,3.46
-22,48,-22,48,4,0,147.920984482996,42.8111162109375,0,0,1,3.865,3.46
-21,48,-21,48,4,0,144.055986619226,42.8111162109375,0,0,1,3.865,3.46
-20,48,-20,48,5,0,140.190988755457,42.8111162109375,0,0,1,3.865,3.46
-19,48,-19,48,5,0,136.325983262293,42.8111162109375,0,0,1,3.865,3.46
-18,48,-18,48,6,0,132.460985398523,42.8111162109375,0,0,1,3.865,3.46
-17,48,-17,48,6,0,128.595987534754,42.8111162109375,0,0,1,3.865,3.46
-16,48,-16,48,7,0,124.730985856287,42.8111162109375,0,0,1,3.865,3.46
-15,48,-15,48,7,0,120.86598417782,42.8111162109375,0,0,1,3.865,3.46
-14,48,-14,48,7,0,117.000986314051,42.8111162109375,0,0,1,3.865,3.46
-13,48,-13,48,8,0,113.135984635584,42.8111162109375,0,0,1,3.865,3.46
-12,48,-12,48,8,0,109.270986771814,42.8111162109375,0,0,1,3.865,3.46
-11,48,-11,48,8,0,105.405985093348,42.8111162109375,0,0,1,3.865,3.46
-10,48,-10,48,8,0,101.540987229578,42.8111162109375,0,0,1,3.865,3.46
-9,48,-9,48,8,0,97.6759855511112,42.8111162109375,0,0,1,3.865,3.46
-8,48,-8,48,8,0,93.810985779993,42.8111162109375,0,0,1,3.865,3.46
-7,48,-7,48,8,0,89.9459860088749,42.8111162109375,0,0,1,3.865,3.46
-6,48,-6,48,8,0,86.0809862377567,42.8111162109375,0,0,1,3.865,3.46
-5,48,-5,48,8,0,82.2159864666385,42.8111162109375,0,0,1,3.865,3.46
-4,48,-4,48,8,0,78.3509857418461,42.8111162109375,0,0,1,3.865,3.46
-3,48,-3,48,8,0,74.4859859707279,42.8111162109375,0,0,1,3.865,3.46
-2,48,-2,48,8,0,70.6209857227726,42.8111162109375,0,0,1,3.865,3.46
-1,48,-1,48,7,0,66.7559857132358,42.8111162109375,0,0,1,3.865,3.46
0,48,0,48,7,0,62.8909857036991,42.8111162109375,0,0,1,3.865,3.46
1,48,1,48,7,0,59.0259856941623,42.8111162109375,0,0,1,3.865,3.46
2,48,2,48,6,0,55.1609856846256,42.8111162109375,0,0,1,3.865,3.46
3,48,3,48,6,0,51.2959854366703,42.8111162109375,0,0,1,3.865,3.46
4,48,4,48,5,0,47.4309856655521,42.8111162109375,0,0,1,3.865,3.46
5,48,5,48,5,0,43.5659849407596,42.8111162109375,0,0,1,3.865,3.46
6,48,6,48,4,0,39.7009851696415,42.8111162109375,0,0,1,3.865,3.46
7,48,7,48,3,0,35.8359853985233,42.8111162109375,0,0,1,3.865,3.46
8,48,8,48,2,0,31.9709856274051,42.8111162109375,0,0,1,3.865,3.46
9,48,9,48,1,0,28.105985856287,42.8111162109375,0,0,1,3.865,3.46
9,49,9,49,1,0,28.1032178631928,39.3511247558594,0,0,1,3.865,3.46
8,49,8,49,1,0,31.968217634311,39.3511247558594,0,0,1,3.865,3.46
7,49,7,49,2,0,35.8332174054292,39.3511247558594,0,0,1,3.865,3.46
6,49,6,49,3,0,39.6982171765473,39.3511247558594,0,0,1,3.865,3.46
5,49,5,49,4,0,43.5632169476655,39.3511247558594,0,0,1,3.865,3.46
4,49,4,49,4,0,47.428217672458,39.3511247558594,0,0,1,3.865,3.46
3,49,3,49,5,0,51.2932174435761,39.3511247558594,0,0,1,3.865,3.46
2,49,2,49,5,0,55.1582176915315,39.3511247558594,0,0,1,3.865,3.46
1,49,1,49,6,0,59.0232177010682,39.3511247558594,0,0,1,3.865,3.46
0,49,0,49,6,0,62.8882177106049,39.3511247558594,0,0,1,3.865,3.46
-1,49,-1,49,6,0,66.7532177201417,39.3511247558594,0,0,1,3.865,3.46
-2,49,-2,49,7,0,70.6182177296784,39.3511247558594,0,0,1,3.865,3.46
-3,49,-3,49,7,0,74.4832179776338,39.3511247558594,0,0,1,3.865,3.46
-4,49,-4,49,7,0,78.3482177487519,39.3511247558594,0,0,1,3.865,3.46
-5,49,-5,49,7,0,82.2132184735444,39.3511247558594,0,0,1,3.865,3.46
-6,49,-6,49,7,0,86.0782182446626,39.3511247558594,0,0,1,3.865,3.46
-7,49,-7,49,7,0,89.9432180157807,39.3511247558594,0,0,1,3.865,3.46
-8,49,-8,49,7,0,93.8082177868989,39.3511247558594,0,0,1,3.865,3.46
-9,49,-9,49,7,0,97.6732175580171,39.3511247558594,0,0,1,3.865,3.46
-10,49,-10,49,7,0,101.538219236484,39.3511247558594,0,0,1,3.865,3.46
-11,49,-11,49,7,0,105.403217100253,39.3511247558594,0,0,1,3.865,3.46
-12,49,-12,49,7,0,109.26821877872,39.3511247558594,0,0,1,3.865,3.46
-13,49,-13,49,7,0,113.13321664249,39.3511247558594,0,0,1,3.865,3.46
-14,49,-14,49,6,0,116.998218320957,39.3511247558594,0,0,1,3.865,3.46
-15,49,-15,49,6,0,120.863216184726,39.3511247558594,0,0,1,3.865,3.46
-16,49,-16,49,6,0,124.728217863193,39.3511247558594,0,0,1,3.865,3.46
-17,49,-17,49,5,0,128.59321954166,39.3511247558594,0,0,1,3.865,3.46
-18,49,-18,49,5,0,132.458217405429,39.3511247558594,0,0,1,3.865,3.46
-19,49,-19,49,4,0,136.323215269199,39.3511247558594,0,0,1,3.865,3.46
-20,49,-20,49,4,0,140.188220762363,39.3511247558594,0,0,1,3.865,3.46
-21,49,-21,49,3,0,144.053218626132,39.3511247558594,0,0,1,3.865,3.46
-22,49,-22,49,3,0,147.918216489902,39.3511247558594,0,0,1,3.865,3.46
-23,49,-23,49,2,0,151.783214353671,39.3511247558594,0,0,1,3.865,3.46
-24,49,-24,49,1,0,155.648219846835,39.3511247558594,0,0,1,3.865,3.46
-23,50,-23,50,1,0,151.78044634837,35.8911180419922,0,0,1,3.865,3.46
-22,50,-22,50,2,0,147.915448484601,35.8911180419922,0,0,1,3.865,3.46
-21,50,-21,50,2,0,144.050450620831,35.8911180419922,0,0,1,3.865,3.46
-20,50,-20,50,3,0,140.185452757062,35.8911180419922,0,0,1,3.865,3.46
-19,50,-19,50,3,0,136.320447263898,35.8911180419922,0,0,1,3.865,3.46
-18,50,-18,50,4,0,132.455449400128,35.8911180419922,0,0,1,3.865,3.46
-17,50,-17,50,4,0,128.590451536358,35.8911180419922,0,0,1,3.865,3.46
-16,50,-16,50,5,0,124.725449857892,35.8911180419922,0,0,1,3.865,3.46
-15,50,-15,50,5,0,120.860448179425,35.8911180419922,0,0,1,3.865,3.46
-14,50,-14,50,5,0,116.995450315655,35.8911180419922,0,0,1,3.865,3.46
-13,50,-13,50,6,0,113.130448637189,35.8911180419922,0,0,1,3.865,3.46
-12,50,-12,50,6,0,109.265450773419,35.8911180419922,0,0,1,3.865,3.46
-11,50,-11,50,6,0,105.400449094952,35.8911180419922,0,0,1,3.865,3.46
-10,50,-10,50,6,0,101.535451231183,35.8911180419922,0,0,1,3.865,3.46
-9,50,-9,50,6,0,97.6704495527159,35.8911180419922,0,0,1,3.865,3.46
-8,50,-8,50,6,0,93.8054497815977,35.8911180419922,0,0,1,3.865,3.46
-7,50,-7,50,6,0,89.9404500104796,35.8911180419922,0,0,1,3.865,3.46
-6,50,-6,50,6,0,86.0754502393614,35.8911180419922,0,0,1,3.865,3.46
-5,50,-5,50,6,0,82.2104504682432,35.8911180419922,0,0,1,3.865,3.46
-4,50,-4,50,6,0,78.3454497434508,35.8911180419922,0,0,1,3.865,3.46
-3,50,-3,50,6,0,74.4804499723326,35.8911180419922,0,0,1,3.865,3.46
-2,50,-2,50,6,0,70.6154497243773,35.8911180419922,0,0,1,3.865,3.46
-1,50,-1,50,5,0,66.7504497148405,35.8911180419922,0,0,1,3.865,3.46
0,50,0,50,5,0,62.8854497053038,35.8911180419922,0,0,1,3.865,3.46
1,50,1,50,5,0,59.020449695767,35.8911180419922,0,0,1,3.865,3.46
2,50,2,50,4,0,55.1554496862303,35.8911180419922,0,0,1,3.865,3.46
3,50,3,50,4,0,51.290449438275,35.8911180419922,0,0,1,3.865,3.46
4,50,4,50,3,0,47.4254496671568,35.8911180419922,0,0,1,3.865,3.46
5,50,5,50,3,0,43.5604489423643,35.8911180419922,0,0,1,3.865,3.46
6,50,6,50,2,0,39.6954491712462,35.8911180419922,0,0,1,3.865,3.46
7,50,7,50,1,0,35.830449400128,35.8911180419922,0,0,1,3.865,3.46
6,51,6,51,1,0,39.692681165945,32.431111328125,0,0,1,3.865,3.46
5,51,5,51,2,0,43.5576809370632,32.431111328125,0,0,1,3.865,3.46
4,51,4,51,2,0,47.4226816618556,32.431111328125,0,0,1,3.865,3.46
3,51,3,51,3,0,51.2876814329738,32.431111328125,0,0,1,3.865,3.46
2,51,2,51,3,0,55.1526816809291,32.431111328125,0,0,1,3.865,3.46
1,51,1,51,4,0,59.0176816904659,32.431111328125,0,0,1,3.865,3.46
0,51,0,51,4,0,62.8826817000026,32.431111328125,0,0,1,3.865,3.46
-1,51,-1,51,4,0,66.7476817095393,32.431111328125,0,0,1,3.865,3.46
-2,51,-2,51,5,0,70.6126817190761,32.431111328125,0,0,1,3.865,3.46
-3,51,-3,51,5,0,74.4776819670314,32.431111328125,0,0,1,3.865,3.46
-4,51,-4,51,5,0,78.3426817381496,32.431111328125,0,0,1,3.865,3.46
-5,51,-5,51,5,0,82.2076824629421,32.431111328125,0,0,1,3.865,3.46
-6,51,-6,51,5,0,86.0726822340602,32.431111328125,0,0,1,3.865,3.46
-7,51,-7,51,5,0,89.9376820051784,32.431111328125,0,0,1,3.865,3.46
-8,51,-8,51,5,0,93.8026817762966,32.431111328125,0,0,1,3.865,3.46
-9,51,-9,51,5,0,97.6676815474147,32.431111328125,0,0,1,3.865,3.46
-10,51,-10,51,5,0,101.532683225882,32.431111328125,0,0,1,3.865,3.46
-11,51,-11,51,5,0,105.397681089651,32.431111328125,0,0,1,3.865,3.46
-12,51,-12,51,5,0,109.262682768118,32.431111328125,0,0,1,3.865,3.46
-13,51,-13,51,5,0,113.127680631887,32.431111328125,0,0,1,3.865,3.46
-14,51,-14,51,4,0,116.992682310354,32.431111328125,0,0,1,3.865,3.46
-15,51,-15,51,4,0,120.857680174124,32.431111328125,0,0,1,3.865,3.46
-16,51,-16,51,4,0,124.722681852591,32.431111328125,0,0,1,3.865,3.46
-17,51,-17,51,3,0,128.587683531057,32.431111328125,0,0,1,3.865,3.46
-18,51,-18,51,3,0,132.452681394827,32.431111328125,0,0,1,3.865,3.46
-19,51,-19,51,2,0,136.317679258596,32.431111328125,0,0,1,3.865,3.46
-20,51,-20,51,2,0,140.18268475176,32.431111328125,0,0,1,3.865,3.46
-21,51,-21,51,1,0,144.04768261553,32.431111328125,0,0,1,3.865,3.46
-22,51,-22,51,1,0,147.912680479299,32.431111328125,0,0,1,3.865,3.46
-20,52,-20,52,1,0,140.179916758666,28.9711198730469,0,0,1,3.865,3.46
-19,52,-19,52,1,0,136.314911265502,28.9711198730469,0,0,1,3.865,3.46
-18,52,-18,52,2,0,132.449913401733,28.9711198730469,0,0,1,3.865,3.46
-17,52,-17,52,2,0,128.584915537963,28.9711198730469,0,0,1,3.865,3.46
-16,52,-16,52,3,0,124.719913859496,28.9711198730469,0,0,1,3.865,3.46
-15,52,-15,52,3,0,120.85491218103,28.9711198730469,0,0,1,3.865,3.46
-14,52,-14,52,3,0,116.98991431726,28.9711198730469,0,0,1,3.865,3.46
-13,52,-13,52,4,0,113.124912638793,28.9711198730469,0,0,1,3.865,3.46
-12,52,-12,52,4,0,109.259914775024,28.9711198730469,0,0,1,3.865,3.46
-11,52,-11,52,4,0,105.394913096557,28.9711198730469,0,0,1,3.865,3.46
-10,52,-10,52,4,0,101.529915232787,28.9711198730469,0,0,1,3.865,3.46
-9,52,-9,52,4,0,97.6649135543206,28.9711198730469,0,0,1,3.865,3.46
-8,52,-8,52,4,0,93.7999137832024,28.9711198730469,0,0,1,3.865,3.46
-7,52,-7,52,4,0,89.9349140120843,28.9711198730469,0,0,1,3.865,3.46
-6,52,-6,52,4,0,86.0699142409661,28.9711198730469,0,0,1,3.865,3.46
-5,52,-5,52,4,0,82.2049144698479,28.9711198730469,0,0,1,3.865,3.46
-4,52,-4,52,4,0,78.3399137450555,28.9711198730469,0,0,1,3.865,3.46
-3,52,-3,52,4,0,74.4749139739373,28.9711198730469,0,0,1,3.865,3.46
-2,52,-2,52,4,0,70.609913725982,28.9711198730469,0,0,1,3.865,3.46
-1,52,-1,52,3,0,66.7449137164452,28.9711198730469,0,0,1,3.865,3.46
0,52,0,52,3,0,62.8799137069085,28.9711198730469,0,0,1,3.865,3.46
1,52,1,52,3,0,59.0149136973717,28.9711198730469,0,0,1,3.865,3.46
2,52,2,52,2,0,55.149913687835,28.9711198730469,0,0,1,3.865,3.46
3,52,3,52,2,0,51.2849134398797,28.9711198730469,0,0,1,3.865,3.46
4,52,4,52,1,0,47.4199136687615,28.9711198730469,0,0,1,3.865,3.46
5,52,5,52,1,0,43.554912943969,28.9711198730469,0,0,1,3.865,3.46
3,53,3,53,1,0,51.2821454345785,25.5111131591797,0,0,1,3.865,3.46
2,53,2,53,1,0,55.1471456825338,25.5111131591797,0,0,1,3.865,3.46
1,53,1,53,2,0,59.0121456920706,25.5111131591797,0,0,1,3.865,3.46
0,53,0,53,2,0,62.8771457016073,25.5111131591797,0,0,1,3.865,3.46
-1,53,-1,53,2,0,66.742145711144,25.5111131591797,0,0,1,3.865,3.46
-2,53,-2,53,3,0,70.6071457206808,25.5111131591797,0,0,1,3.865,3.46
-3,53,-3,53,3,0,74.4721459686361,25.5111131591797,0,0,1,3.865,3.46
-4,53,-4,53,3,0,78.3371457397543,25.5111131591797,0,0,1,3.865,3.46
-5,53,-5,53,3,0,82.2021464645468,25.5111131591797,0,0,1,3.865,3.46
-6,53,-6,53,3,0,86.0671462356649,25.5111131591797,0,0,1,3.865,3.46
-7,53,-7,53,3,0,89.9321460067831,25.5111131591797,0,0,1,3.865,3.46
-8,53,-8,53,3,0,93.7971457779012,25.5111131591797,0,0,1,3.865,3.46
-9,53,-9,53,3,0,97.6621455490194,25.5111131591797,0,0,1,3.865,3.46
-10,53,-10,53,3,0,101.527147227486,25.5111131591797,0,0,1,3.865,3.46
-11,53,-11,53,3,0,105.392145091256,25.5111131591797,0,0,1,3.865,3.46
-12,53,-12,53,3,0,109.257146769723,25.5111131591797,0,0,1,3.865,3.46
-13,53,-13,53,3,0,113.122144633492,25.5111131591797,0,0,1,3.865,3.46
-14,53,-14,53,2,0,116.987146311959,25.5111131591797,0,0,1,3.865,3.46
-15,53,-15,53,2,0,120.852144175728,25.5111131591797,0,0,1,3.865,3.46
-16,53,-16,53,2,0,124.717145854195,25.5111131591797,0,0,1,3.865,3.46
-17,53,-17,53,1,0,128.582147532662,25.5111131591797,0,0,1,3.865,3.46
-18,53,-18,53,1,0,132.447145396432,25.5111131591797,0,0,1,3.865,3.46
-16,54,-16,54,1,0,124.714377861101,22.0511217041015,0,0,1,3.865,3.46
-15,54,-15,54,1,0,120.849376182634,22.0511217041015,0,0,1,3.865,3.46
-14,54,-14,54,1,0,116.984378318865,22.0511217041015,0,0,1,3.865,3.46
-13,54,-13,54,2,0,113.119376640398,22.0511217041015,0,0,1,3.865,3.46
-12,54,-12,54,2,0,109.254378776628,22.0511217041015,0,0,1,3.865,3.46
-11,54,-11,54,2,0,105.389377098162,22.0511217041015,0,0,1,3.865,3.46
-10,54,-10,54,2,0,101.524379234392,22.0511217041015,0,0,1,3.865,3.46
-9,54,-9,54,2,0,97.6593775559253,22.0511217041015,0,0,1,3.865,3.46
-8,54,-8,54,2,0,93.7943777848071,22.0511217041015,0,0,1,3.865,3.46
-7,54,-7,54,2,0,89.929378013689,22.0511217041015,0,0,1,3.865,3.46
-6,54,-6,54,2,0,86.0643782425708,22.0511217041015,0,0,1,3.865,3.46
-5,54,-5,54,2,0,82.1993784714526,22.0511217041015,0,0,1,3.865,3.46
-4,54,-4,54,2,0,78.3343777466602,22.0511217041015,0,0,1,3.865,3.46
-3,54,-3,54,2,0,74.469377975542,22.0511217041015,0,0,1,3.865,3.46
-2,54,-2,54,2,0,70.6043777275867,22.0511217041015,0,0,1,3.865,3.46
-1,54,-1,54,1,0,66.7393777180499,22.0511217041015,0,0,1,3.865,3.46
0,54,0,54,1,0,62.8743777085132,22.0511217041015,0,0,1,3.865,3.46
1,54,1,54,1,0,59.0093776989764,22.0511217041015,0,0,1,3.865,3.46
-2,55,-2,55,1,0,70.6016097222855,18.5911149902344,0,0,1,3.865,3.46
-3,55,-3,55,1,0,74.4666099702408,18.5911149902344,0,0,1,3.865,3.46
-4,55,-4,55,1,0,78.331609741359,18.5911149902344,0,0,1,3.865,3.46
-5,55,-5,55,1,0,82.1966104661515,18.5911149902344,0,0,1,3.865,3.46
-6,55,-6,55,1,0,86.0616102372696,18.5911149902344,0,0,1,3.865,3.46
-7,55,-7,55,1,0,89.9266100083878,18.5911149902344,0,0,1,3.865,3.46
-8,55,-8,55,1,0,93.7916097795059,18.5911149902344,0,0,1,3.865,3.46
-9,55,-9,55,1,0,97.6566095506241,18.5911149902344,0,0,1,3.865,3.46
-10,55,-10,55,1,0,101.521611229091,18.5911149902344,0,0,1,3.865,3.46
-11,55,-11,55,1,0,105.38660909286,18.5911149902344,0,0,1,3.865,3.46
-12,55,-12,55,1,0,109.251610771327,18.5911149902344,0,0,1,3.865,3.46
-13,55,-13,55,1,0,113.116608635097,18.5911149902344,0,0,1,3.865,3.46
